??,????,??,???,???,???,???,???,????,???,???
2021/11/2,'000636,????,28.19,29.5,28.01,28.09,28.13,28.755,4.0932,36643776
2021/11/1,'000636,????,28.13,28.7,27.39,28.69,28.83,28.045,3.9103,35006668
2021/10/29,'000636,????,28.83,29.54,28.65,28.9,29.23,29.095,3.0707,27489994
2021/10/28,'000636,????,29.23,30.18,29.1,29.66,29.74,29.64,2.5632,22946470
2021/10/27,'000636,????,29.74,29.95,29.15,29.8,29.79,29.55,2.3692,21209945
2021/10/26,'000636,????,29.79,30.46,29,29,29.36,29.73,3.4843,31193017
2021/10/25,'000636,????,29.36,29.49,28.78,29.13,29.49,29.135,2.3121,20698516
2021/10/22,'000636,????,29.49,30.08,29.07,29.11,28.95,29.575,3.1311,28030312
2021/10/21,'000636,????,28.95,29.78,28.89,29.65,29.62,29.335,2.531,22658270
2021/10/20,'000636,????,29.62,29.97,29.27,29.5,29.71,29.62,2.4916,22305517
2021/10/19,'000636,????,29.71,30.15,29.33,30.01,30.03,29.74,2.782,24904969
2021/10/18,'000636,????,30.03,30.2,29.51,30.15,29.93,29.855,3.6818,32960620
2021/10/15,'000636,????,29.93,30.1,28.91,29.43,29.48,29.505,5.0285,45016986
2021/10/14,'000636,????,29.48,29.77,28.68,29.33,29.33,29.225,5.1401,46015752
2021/10/13,'000636,????,29.33,29.82,28.05,28.05,27.25,28.935,7.1682,64172409
2021/10/12,'000636,????,27.25,28.42,26.8,28.41,28.54,27.61,3.1798,28466594
2021/10/11,'000636,????,28.54,28.88,27.93,28.23,28.22,28.405,2.0681,18513966
2021/10/8,'000636,????,28.22,28.85,27.89,28.24,27.89,28.37,2.3179,20750746
2021/9/30,'000636,????,27.89,28.24,27.18,27.2,27.1,27.71,1.8952,16966843
2021/9/29,'000636,????,27.1,28.12,27,27.69,28.17,27.56,2.2995,20585635
2021/9/28,'000636,????,28.17,28.65,27.15,27.52,27.7,27.9,2.3796,21302835
2021/9/27,'000636,????,27.7,29.68,27.54,29.01,28.95,28.61,4.2272,37843144
2021/9/24,'000636,????,28.95,30,27.26,27.4,27.46,28.63,6.1591,55137989
2021/9/23,'000636,????,27.46,27.75,26.61,26.61,26.55,27.18,2.8848,25825509
2021/9/22,'000636,????,26.55,27.06,26.36,26.5,26.93,26.71,1.9592,17539067
2021/9/17,'000636,????,26.93,27.19,26.18,26.89,26.75,26.685,2.1274,19045162
2021/9/16,'000636,????,26.75,27.81,26.72,27.74,27.86,27.265,3.0721,27502057
2021/9/15,'000636,????,27.86,28.28,27.41,28.03,28.28,27.845,2.3057,20641191
2021/9/14,'000636,????,28.28,28.96,27.2,27.28,27.34,28.08,4.768,42684337
2021/9/13,'000636,????,27.34,29,27.18,29,29.01,28.09,5.0804,45481039
2021/9/10,'000636,????,29.01,29.25,28.33,28.49,28.53,28.79,3.5692,31952606
2021/9/9,'000636,????,28.53,29.48,28.24,29.47,29.41,28.86,4.169,37322184
2021/9/8,'000636,????,29.41,29.75,28.67,28.98,28.82,29.21,3.568,31942318
2021/9/7,'000636,????,28.82,29.1,28.43,28.72,28.75,28.765,2.8594,25598447
2021/9/6,'000636,????,28.75,28.99,27.9,28.15,28.2,28.445,3.0962,27718204
2021/9/3,'000636,????,28.2,28.93,27.84,28.1,28.39,28.385,2.6039,23311174
2021/9/2,'000636,????,28.39,29.06,28.09,28.23,28.29,28.575,3.0883,27647620
2021/9/1,'000636,????,28.29,29.8,27.77,29.64,29.16,28.785,5.0437,45152900
2021/8/31,'000636,????,29.16,29.46,28.4,29.2,29.48,28.93,3.1902,28559575
2021/8/30,'000636,????,29.48,31.21,29.31,29.99,29.68,30.26,4.7686,42690362
2021/8/27,'000636,????,29.68,30,28.79,30,30,29.395,3.8696,34642368
2021/8/26,'000636,????,30,30.25,29.03,29.43,29.4,29.64,4.4568,39899010
2021/8/25,'000636,????,29.4,30.9,29.37,30.73,30.82,30.135,5.7469,51447823
2021/8/24,'000636,????,30.82,31.16,30.12,30.58,30.62,30.64,2.5965,23245109
2021/8/23,'000636,????,30.62,30.83,29.72,30.51,30.09,30.275,3.3226,29744579
2021/8/20,'000636,????,30.09,31.14,29.76,30.22,30.96,30.45,3.7067,33183471
2021/8/19,'000636,????,30.96,31.71,30.56,31.53,31.55,31.135,2.5159,22523508
2021/8/18,'000636,????,31.55,31.88,30.77,31,30.86,31.325,2.3436,20980687
2021/8/17,'000636,????,30.86,32.13,30.7,31.75,31.73,31.415,2.4683,22097301
2021/8/16,'000636,????,31.73,33.25,31.51,32.95,32.93,32.38,3.634,32533062
2021/8/13,'000636,????,32.93,34.8,32.82,34.5,34.93,33.81,4.0542,36294154
2021/8/12,'000636,????,34.93,36.26,33.88,34.22,34.14,35.07,3.3113,29644249
2021/8/11,'000636,????,34.14,34.44,33.36,33.8,34.18,33.9,2.0513,18363589
2021/8/10,'000636,????,34.18,34.45,33.51,34.2,33.81,33.98,2.0369,18235089
2021/8/9,'000636,????,33.81,34.75,32.65,34.62,34.6,33.7,3.1625,28311616
2021/8/6,'000636,????,34.6,35.12,34.25,34.46,34.57,34.685,2.0915,18723495
2021/8/5,'000636,????,34.57,35.37,34.2,35,35.11,34.785,2.4363,21810748
2021/8/4,'000636,????,35.11,35.46,33.9,33.91,34.25,34.68,2.7538,24653097
2021/8/3,'000636,????,34.25,37.15,34.01,36.8,36.47,35.58,4.1359,37025601
2021/8/2,'000636,????,36.47,36.77,35.08,36.17,36.18,35.925,3.2505,29099596
2021/7/30,'000636,????,36.18,36.92,35.58,36.35,36.43,36.25,3.2542,29132749
2021/7/29,'000636,????,36.43,36.73,34.4,34.88,33.87,35.565,4.4204,39573122
2021/7/28,'000636,????,33.87,35.54,32.55,34.99,35.93,34.045,5.5124,49348836
2021/7/27,'000636,????,35.93,38.96,35.9,37.11,37.45,37.43,5.4993,49231701
2021/7/26,'000636,????,37.45,38.07,35.37,37.09,36.61,36.72,4.3303,38766648
2021/7/23,'000636,????,36.61,37.86,36.4,37.8,37.79,37.13,3.6014,32240582
2021/7/22,'000636,????,37.79,38.25,36.78,37.16,36.95,37.515,3.748,33553292
2021/7/21,'000636,????,36.95,37.78,36.1,36.55,36.65,36.94,3.5884,32124200
2021/7/20,'000636,????,36.65,37.38,35.7,35.75,36.24,36.54,3.0264,27093193
2021/7/19,'000636,????,36.24,38.48,35.7,37.55,37.51,37.09,4.3444,38892067
2021/7/16,'000636,????,37.51,39.14,36.51,37.28,37,37.825,4.4576,39905899
2021/7/15,'000636,????,37,37.15,35.18,36.15,36.18,36.165,4.758,42595195
2021/7/14,'000636,????,36.18,37.08,35.65,36,36.3,36.365,5.157,46166903
2021/7/13,'000636,????,36.3,36.97,35.8,36.82,36.62,36.385,5.6815,50862954
2021/7/12,'000636,????,36.62,36.62,33.74,34.5,33.29,35.18,9.9895,89429382
2021/7/9,'000636,????,33.29,34.08,32.39,32.6,32.87,33.235,5.3763,48130793
2021/7/8,'000636,????,32.87,34.05,31.41,31.41,31.2,32.73,8.2064,73466701
2021/7/7,'000636,????,31.2,31.2,29.62,30.01,30.45,30.41,4.1405,37066870
2021/7/6,'000636,????,30.45,31.41,29.8,31.08,31.47,30.605,4.8639,43543537
2021/7/5,'000636,????,31.47,31.48,30.05,30.2,29.89,30.765,5.4129,48457989
2021/7/2,'000636,????,29.89,30.76,29.2,30.09,29.74,29.98,3.9804,35633597
2021/7/1,'000636,????,29.74,31.28,29.7,30.22,30.22,30.49,5.8403,52283916
2021/6/30,'000636,????,30.22,30.79,28,28.18,27.99,29.395,8.2386,73754362
2021/6/29,'000636,????,27.99,29.19,27.88,29.17,29.09,28.535,5.0366,45089691
2021/6/28,'000636,????,29.09,29.58,28.7,29,28.71,29.14,3.9679,35521691
2021/6/25,'000636,????,28.71,29.38,27.88,28.73,28.43,28.63,3.6695,32850595
2021/6/24,'000636,????,28.48,29.29,28.19,28.55,28.61,28.74,4.1556,37202335
2021/6/23,'000636,????,28.61,28.69,28.06,28.43,28.51,28.375,4.2618,38152681
2021/6/22,'000636,????,28.51,28.85,26.88,27.41,27.36,27.865,5.9778,53515654
2021/6/21,'000636,????,27.36,27.94,27.1,27.18,26.82,27.52,5.1025,45678833
2021/6/18,'000636,????,26.82,27.42,26.26,26.53,26.54,26.84,6.0682,54324619
2021/6/17,'000636,????,26.54,26.9,25.11,25.15,25.27,26.005,4.3879,39281591
2021/6/16,'000636,????,25.27,26.09,25.18,25.65,25.89,25.635,1.9712,17647228
2021/6/15,'000636,????,25.89,26.02,25.13,25.27,25.27,25.575,2.5875,23164530
2021/6/11,'000636,????,25.27,25.76,25.14,25.75,25.76,25.45,2.6037,23309189
2021/6/10,'000636,????,25.76,26.11,25.62,26.11,26.1,25.865,2.9886,26754977
2021/6/9,'000636,????,26.1,27.22,26,26.54,26.65,26.61,3.3518,30006698
2021/6/8,'000636,????,26.65,27.58,26.4,27.46,26.82,26.99,3.8767,34705468
2021/6/7,'000636,????,26.82,27.18,26.42,26.63,26.45,26.8,4.0658,36398589
2021/6/4,'000636,????,26.45,26.67,25.36,25.68,25.88,26.015,3.7935,33960721
2021/6/3,'000636,????,25.88,26.53,25.88,26.25,26.23,26.205,2.5644,22957693
2021/6/2,'000636,????,26.23,26.98,26.13,26.98,26.94,26.555,3.4787,31142519
2021/6/1,'000636,????,26.94,26.96,25.05,25.7,25.59,26.005,6.8283,61128943
2021/5/31,'000636,????,25.59,25.66,24.73,25.14,24.93,25.195,3.6363,32553299
2021/5/28,'000636,????,24.93,26.14,24.71,26.14,26.26,25.425,6.2133,55623510
2021/5/27,'000636,????,26.26,26.55,25.59,25.78,25.88,26.07,4.36,39032382
2021/5/26,'000636,????,25.88,26.46,25.41,25.62,25.78,25.935,3.7238,33336583
2021/5/25,'000636,????,25.78,25.79,25.03,25.6,25.6,25.41,2.3588,21116967
2021/5/24,'000636,????,25.6,25.67,24.93,25.39,25.48,25.3,1.7289,15478031
2021/5/21,'000636,????,25.48,26.06,25.48,25.94,25.81,25.77,1.2343,11049968
2021/5/20,'000636,????,25.81,25.95,24.93,25.52,25.52,25.44,2.6484,23709055
2021/5/19,'000636,????,25.52,26.25,25.4,26.09,26.09,25.825,2.8097,25153449
2021/5/18,'000636,????,26.09,26.68,25.81,26.68,26.67,26.245,1.9752,17682357
2021/5/17,'000636,????,26.67,27.24,26.42,26.6,26.6,26.83,2.2717,20336638
2021/5/14,'000636,????,26.6,26.96,25.94,26.6,26.27,26.45,2.3357,20909826
2021/5/13,'000636,????,26.27,27.15,26.02,26.18,26.51,26.585,2.6894,24076641
2021/5/12,'000636,????,26.51,26.57,24.45,25.7,26,25.51,3.9793,35623725
2021/5/11,'000636,????,26,26.28,25.64,25.75,25.9,25.96,2.1217,18993730
2021/5/10,'000636,????,25.9,26.8,25.62,26.79,26.78,26.21,2.9245,26181063
2021/5/7,'000636,????,26.78,28.1,26.62,27.69,27.39,27.36,2.0466,18321933
2021/5/6,'000636,????,27.39,28.35,27.08,28.35,28.26,27.715,1.6607,14866733
2021/4/30,'000636,????,28.26,28.45,27.5,28.28,28.29,27.975,1.5137,13550922
2021/4/29,'000636,????,28.29,28.95,28.18,28.5,28.2,28.565,1.6678,14931004
2021/4/28,'000636,????,28.2,28.86,27.97,28.48,28.52,28.415,2.1115,18902698
2021/4/27,'000636,????,28.52,29.4,27.97,28.77,28.95,28.685,1.7892,16017526
2021/4/26,'000636,????,28.95,30.08,28.93,29.83,29.75,29.505,1.7981,16096820
2021/4/23,'000636,????,29.75,29.89,29.18,29.27,29.37,29.535,1.2563,11247072
2021/4/22,'000636,????,29.37,29.99,29.29,29.6,29.61,29.64,2.0063,17960645
2021/4/21,'000636,????,29.61,29.97,28.82,29,29.12,29.395,1.9148,17142152
2021/4/20,'000636,????,29.12,29.65,28.81,28.81,28.8,29.23,2.5522,22848088
2021/4/19,'000636,????,28.8,29.05,27.85,28.4,28.46,28.45,2.138,19140403
2021/4/16,'000636,????,28.46,28.83,28.13,28.81,28.7,28.48,1.2682,11352951
2021/4/15,'000636,????,28.7,28.81,27.98,28.61,28.2,28.395,2.3558,21089848
2021/4/14,'000636,????,28.2,28.38,26.87,26.88,26.33,27.625,3.1887,28545958
2021/4/13,'000636,????,26.33,27.49,26.08,27.4,27.61,26.785,3.5833,32078645
2021/4/12,'000636,????,27.61,29.59,27.26,29.47,29.45,28.425,3.3053,29590338
2021/4/9,'000636,????,29.45,30.44,29.3,30.14,29.99,29.87,2.0692,18524380
2021/4/8,'000636,????,29.99,30.58,29.9,30.51,30.47,30.24,1.9102,17100872
2021/4/7,'000636,????,30.47,31.15,30.22,31.15,31.36,30.685,2.5344,22688930
2021/4/6,'000636,????,31.36,32.31,31.3,32.07,31.95,31.805,2.3242,20807080
2021/4/2,'000636,????,31.95,33.12,30.69,30.69,30.95,31.905,3.4752,31110838
2021/4/1,'000636,????,30.95,31.5,30.73,30.96,31.16,31.115,1.4487,12969522
2021/3/31,'000636,????,31.16,31.33,30.4,30.65,30.68,30.865,2.0924,18731468
2021/3/30,'000636,????,30.68,31.26,30.45,30.68,30.86,30.855,1.6853,15087136
2021/3/29,'000636,????,30.86,31.47,30.3,30.77,30.52,30.885,2.4211,21674346
2021/3/26,'000636,????,30.52,30.89,29.91,30.26,30.27,30.4,1.9314,17290625
2021/3/25,'000636,????,30.27,30.8,29,29.3,29.34,29.9,2.1752,19472667
2021/3/24,'000636,????,29.34,30.35,29.12,29.85,29.55,29.735,2.4788,22191301
2021/3/23,'000636,????,29.55,30.28,28.62,28.65,28.6,29.45,3.6684,32840369
2021/3/22,'000636,????,28.6,29.38,26.8,26.86,26.86,28.09,2.8064,25123481
2021/3/19,'000636,????,26.86,27.53,26.71,27.28,27.73,27.12,1.8215,16306755
2021/3/18,'000636,????,27.73,28.24,27.57,27.97,27.95,27.905,1.0793,9662423
2021/3/17,'000636,????,27.95,28.32,27.28,27.81,27.98,27.8,1.1564,10352194
2021/3/16,'000636,????,27.98,29.28,27.57,28.93,28.92,28.425,1.7184,15383345
2021/3/15,'000636,????,28.92,29.58,28.66,29.58,29.58,29.12,1.2137,10865671
2021/3/12,'000636,????,29.58,30.05,29.25,29.96,29.95,29.65,1.123,10053060
2021/3/11,'000636,????,29.95,30.31,28.66,29.2,29.08,29.485,1.3252,11863218
2021/3/10,'000636,????,29.08,29.8,28.84,29.4,28.95,29.32,0.982,8790822
2021/3/9,'000636,????,28.95,30.34,28.5,30.28,30.21,29.42,1.7055,15268146
2021/3/8,'000636,????,30.21,32.36,30.01,31.8,31.6,31.185,2.1463,19214317
2021/3/5,'000636,????,31.6,32.8,31.16,31.4,31.8,31.98,1.939,17358763
2021/3/4,'000636,????,31.8,33.14,31.59,33,33.33,32.365,1.7188,15387245
2021/3/3,'000636,????,33.33,33.65,32.69,33.2,33.17,33.17,2.2605,20237009
2021/3/2,'000636,????,33.17,33.85,31.8,32.4,32.21,32.825,3.2036,28679697
2021/3/1,'000636,????,32.21,33,30.88,30.88,30.82,31.94,2.1577,19316722
2021/2/26,'000636,????,30.82,31.35,30.35,30.54,31.47,30.85,1.527,13669809
2021/2/25,'000636,????,31.47,32.14,30.65,32,31.82,31.395,1.638,14664152
2021/2/24,'000636,????,31.82,33.06,31.51,32.99,32.48,32.285,2.6477,23703134
2021/2/23,'000636,????,32.48,32.96,30.78,31.01,31.17,31.87,3.0939,27697938
2021/2/22,'000636,????,31.17,31.88,30.74,30.77,30.63,31.31,2.7299,24439022
2021/2/19,'000636,????,30.63,30.78,29.05,29.78,29.74,29.915,2.3277,20838273
2021/2/18,'000636,????,29.74,30.35,29.49,30,29.29,29.92,2.2345,20004005
2021/2/10,'000636,????,29.29,29.71,28.52,29.57,29.29,29.115,2.4989,22371250
2021/2/9,'000636,????,29.29,29.77,28.12,28.58,28.46,28.945,2.6507,23730258
2021/2/8,'000636,????,28.46,29.3,28.25,28.86,28.86,28.775,2.1586,19324513
2021/2/5,'000636,????,28.86,30.68,28.86,30.45,30.3,29.77,1.9609,17554554
2021/2/4,'000636,????,30.3,30.8,29.27,30.6,30.7,30.035,3.2921,29472319
2021/2/3,'000636,????,30.7,32.88,30.66,32.88,33.02,31.77,3.9871,35693974
2021/2/2,'000636,????,33.02,33.22,31.89,32.35,32.14,32.555,2.0231,18111090
2021/2/1,'000636,????,32.14,32.46,31.13,31.6,32,31.795,2.0705,18535660
2021/1/29,'000636,????,32,33.72,31.8,33.3,33.38,32.76,3.3518,30006485
2021/1/28,'000636,????,33.38,35.74,32.53,35.55,36.13,34.135,6.0552,54207821
2021/1/27,'000636,????,36.13,36.3,34.21,34.55,34.59,35.255,4.7718,42719131
2021/1/26,'000636,????,34.59,36,33.85,35.81,36.1,34.925,3.5078,31402822
2021/1/25,'000636,????,36.1,36.18,33.81,34,34.35,34.995,4.1479,37133351
2021/1/22,'000636,????,34.35,35.3,33.88,34.66,35.02,34.59,2.7921,24995621
2021/1/21,'000636,????,35.02,35.73,34.66,34.76,35.03,35.195,2.743,24556682
2021/1/20,'000636,????,35.03,35.4,34.03,34.38,34.45,34.715,2.9867,26738160
2021/1/19,'000636,????,34.45,37.47,34.25,36.81,36.01,35.86,5.5277,49486178
2021/1/18,'000636,????,36.01,36.48,34.7,35.6,35.28,35.59,3.8699,34644464
2021/1/15,'000636,????,35.28,35.42,33.92,35.2,35.43,34.67,3.6988,33112884
2021/1/14,'000636,????,35.43,35.99,34.4,35.99,34.61,35.195,4.8944,43816395
2021/1/13,'000636,????,34.61,34.85,33.11,33.5,33.27,33.98,4.4978,40265535
2021/1/12,'000636,????,33.27,33.56,31.1,31.34,30.98,32.33,4.4431,39775990
2021/1/11,'000636,????,30.98,31.89,30.7,30.87,30.41,31.295,3.149,28190630
2021/1/8,'000636,????,30.41,32.13,30,31.99,31.88,31.065,5.2013,46563459
2021/1/7,'000636,????,31.88,34.1,31.3,33.44,32.9,32.7,4.4294,39653882
2021/1/6,'000636,????,32.9,34.64,32.8,34.26,34.19,33.72,3.4928,31268705
2021/1/5,'000636,????,34.19,34.88,33.6,34.41,34.7,34.24,2.3875,21373943
2021/1/4,'000636,????,34.7,34.93,33.25,33.76,33.7,34.09,2.3256,20819953
2020/12/31,'000636,????,33.7,33.95,32.1,32.57,32.73,33.025,2.7405,24534095
2020/12/30,'000636,????,32.73,32.96,30.53,32.3,32.6,31.745,5.1992,46545377
2020/12/29,'000636,????,32.6,34.17,32.6,33.7,34.57,33.385,3.4042,30475611
2020/12/28,'000636,????,34.57,36.15,34.06,35.11,34.1,35.105,3.4805,31158205
2020/12/25,'000636,????,34.1,35.34,33.64,34.01,33.68,34.49,2.2938,20535042
2020/12/24,'000636,????,33.68,34.3,33.02,33.19,33.35,33.66,1.7941,16061353
2020/12/23,'000636,????,33.35,33.99,32.4,33.68,33.51,33.195,2.5128,22495389
2020/12/22,'000636,????,33.51,34.85,33.5,34.58,34.57,34.175,1.8684,16726945
2020/12/21,'000636,????,34.57,34.8,32.31,32.47,32.67,33.555,2.7896,24973482
2020/12/18,'000636,????,32.67,34.05,32.36,33.99,33.8,33.205,2.4322,21773490
2020/12/17,'000636,????,33.8,34.08,33.2,33.71,33.38,33.64,1.3136,11759882
2020/12/16,'000636,????,33.38,34.26,33.23,34.26,34.26,33.745,1.716,15361856
2020/12/15,'000636,????,34.26,35,33.55,34.36,34.49,34.275,2.1069,18861996
2020/12/14,'000636,????,34.49,34.87,32.96,34.76,34.66,33.915,3.0514,27317289
2020/12/11,'000636,????,34.66,35.7,34.29,35.5,35.42,34.995,1.8182,16277440
2020/12/10,'000636,????,35.42,35.88,34.2,34.48,34.68,35.04,2.2328,19988616
2020/12/9,'000636,????,34.68,35.68,34.45,35.21,35.43,35.065,2.3844,21345948
2020/12/8,'000636,????,35.43,36.1,35.4,35.75,35.72,35.75,1.9038,17043405
2020/12/7,'000636,????,35.72,36.88,35.45,36.41,36.3,36.165,2.7483,24604070
2020/12/4,'000636,????,36.3,36.7,35,35.15,35.22,35.85,3.0188,27025679
2020/12/3,'000636,????,35.22,36.53,35.1,35.58,35.3,35.815,3.258,29166295
2020/12/2,'000636,????,35.3,35.57,33.8,33.89,33.93,34.685,3.9263,35149471
2020/12/1,'000636,????,33.93,34.33,32.5,32.6,32.9,33.415,2.3894,21390532
2020/11/30,'000636,????,32.9,33.66,32.61,33.2,33.11,33.135,2.0085,17980818
2020/11/27,'000636,????,33.11,34.16,32.33,33.92,33.9,33.245,2.5738,23041657
2020/11/26,'000636,????,33.9,34.07,33.23,33.59,33.66,33.65,2.1592,19329525
2020/11/25,'000636,????,33.66,34.9,33.39,34.66,34.39,34.145,2.9141,26087792
2020/11/24,'000636,????,34.39,35.18,32.62,32.88,32.88,33.9,4.4359,39711910
2020/11/23,'000636,????,32.88,33.25,32.4,33.06,33.4,32.825,2.563,22945072
2020/11/20,'000636,????,33.4,34.1,33.18,33.99,33.97,33.64,2.4495,21928786
2020/11/19,'000636,????,33.97,34.25,31.71,32.01,32.35,32.98,4.5319,40571219
2020/11/18,'000636,????,32.35,32.77,31.97,32.2,32.34,32.37,2.0329,18199084
2020/11/17,'000636,????,32.34,32.49,31.01,32.01,32.16,31.75,2.734,24476087
2020/11/16,'000636,????,32.16,32.6,31.76,31.8,31.52,32.18,2.6244,23494405
2020/11/13,'000636,????,31.52,31.67,30.59,31.11,30.62,31.13,2.6696,23899404
2020/11/12,'000636,????,30.62,31.72,30.11,31.72,31.25,30.915,2.8987,25950246
2020/11/11,'000636,????,31.25,33.08,30.95,31.78,32.18,32.015,3.4864,31211290
2020/11/10,'000636,????,32.18,32.56,31.08,31.34,31.84,31.82,3.7227,33326984
2020/11/9,'000636,????,31.84,32.18,29.85,29.85,29.68,31.015,5.9851,53581001
2020/11/6,'000636,????,29.68,30.19,29.15,29.89,29.86,29.67,2.6884,24067885
2020/11/5,'000636,????,29.86,30.2,28.94,29.95,29.41,29.57,4.1644,37281473
2020/11/4,'000636,????,29.41,29.88,28.71,29.07,29,29.295,4.0867,36585140
2020/11/3,'000636,????,29,29.05,28.2,28.85,28.73,28.625,4.1367,37033212
2020/11/2,'000636,????,28.73,28.88,27.41,27.43,27.11,28.145,5.2436,46942025
2020/10/30,'000636,????,27.11,28.5,26.57,26.94,27.27,27.535,3.9769,35602777
2020/10/29,'000636,????,27.27,27.68,26.75,26.88,27.28,27.215,2.4716,22126251
2020/10/28,'000636,????,27.28,27.74,26.65,27.42,27.44,27.195,1.9757,17687209
2020/10/27,'000636,????,27.44,27.53,25.8,25.88,26.17,26.665,2.5848,23139633
2020/10/26,'000636,????,26.17,26.79,25.58,26.64,26.73,26.185,2.9051,26007388
2020/10/23,'000636,????,26.73,27.99,26.5,27.89,28.02,27.245,4.4426,39771469
2020/10/22,'000636,????,28.02,28.12,27.43,27.92,28.08,27.775,1.7621,15774531
2020/10/21,'000636,????,28.08,28.45,27.5,28.41,28.4,27.975,1.8992,17002351
2020/10/20,'000636,????,28.4,28.48,27.69,28.17,28.03,28.085,1.5745,14095247
2020/10/19,'000636,????,28.03,28.98,27.92,28.76,28.69,28.45,2.5148,22512891
2020/10/16,'000636,????,28.69,28.94,28.1,28.68,28.81,28.52,2.0814,18633111
2020/10/15,'000636,????,28.81,29.67,28.59,29.67,29.22,29.13,2.7499,24618358
2020/10/14,'000636,????,29.22,30.55,29.17,30.3,30.73,29.86,3.415,30572559
2020/10/13,'000636,????,30.73,30.75,29.35,30.05,30,30.05,4.0979,36685536
2020/10/12,'000636,????,30,30.2,28.69,28.8,28.3,29.445,6.9942,62614265
2020/10/9,'000636,????,28.3,28.56,27.25,27.42,26.9,27.905,3.4744,31103676
2020/9/30,'000636,????,26.9,27.66,26.43,27.16,26.78,27.045,2.7071,24234456
2020/9/29,'000636,????,26.78,27.08,26.4,26.97,26.62,26.74,1.7772,15910187
2020/9/28,'000636,????,26.62,27.44,26.54,27.05,26.86,26.99,1.5032,13457385
2020/9/25,'000636,????,26.86,27.36,26.75,27.26,26.89,27.055,1.3781,12336810
2020/9/24,'000636,????,26.89,28.15,26.85,27.98,28.11,27.5,2.1364,19125417
2020/9/23,'000636,????,28.11,28.2,27.5,28.15,27.85,27.85,1.6764,15007315
2020/9/22,'000636,????,27.85,28.46,27.55,27.82,28.09,28.005,2.2184,19860024
2020/9/21,'000636,????,28.09,28.77,27.9,28.44,28.1,28.335,3.1334,28051225
2020/9/18,'000636,????,28.1,28.15,26.39,27.9,27.66,27.27,5.5389,49586436
2020/9/17,'000636,????,27.66,29.67,27.58,29.5,29.51,28.625,7.3326,65643984
2020/9/16,'000636,????,29.51,30.65,28.67,28.77,29.1,29.66,4.0486,36244087
2020/9/15,'000636,????,29.1,29.95,28.84,29.29,29,29.395,3.1163,27897828
2020/9/14,'000636,????,29,30.05,28.58,29.96,29.5,29.315,3.3185,29708113
2020/9/11,'000636,????,29.5,30.03,28.19,29.7,30.03,29.11,5.1651,46239416
2020/9/10,'000636,????,30.03,31.26,29.9,30.69,30.5,30.58,2.3399,20947894
2020/9/9,'000636,????,30.5,32.25,30.12,31.8,32.23,31.185,2.8753,25740557
2020/9/8,'000636,????,32.23,32.45,31,32.09,32.09,31.725,1.8781,16813062
2020/9/7,'000636,????,32.09,33.31,32.01,32.89,33.11,32.66,1.9231,17216651
2020/9/4,'000636,????,33.11,33.65,32.07,32.3,33.11,32.86,2.5216,22574625
2020/9/3,'000636,????,33.11,33.55,32.4,32.62,32.82,32.975,2.6533,23753484
2020/9/2,'000636,????,32.82,33.49,32.3,32.55,32.21,32.895,3.1833,28498054
2020/9/1,'000636,????,32.21,32.38,31.3,32.19,32.41,31.84,2.4754,22161035
2020/8/31,'000636,????,32.41,33.09,32.08,32.79,32.78,32.585,3.331,29820394
2020/8/28,'000636,????,32.78,33.3,31.16,31.16,31.15,32.23,6.3358,56720490
2020/8/27,'000636,????,31.15,31.35,29.29,29.99,31.21,30.32,4.8999,43865857
2020/8/26,'000636,????,31.21,34.97,31.21,34.69,34.68,33.09,7.707,68995653
2020/8/25,'000636,????,34.68,35.57,34.48,35.3,35.38,35.025,2.3847,21349014
2020/8/24,'000636,????,35.38,35.74,33.92,34.4,34.5,34.83,3.3584,30065570
2020/8/21,'000636,????,34.5,35.35,33.2,34.96,34.4,34.275,4.4393,39742428
2020/8/20,'000636,????,34.4,36.53,34.31,35.92,35.89,35.42,4.7563,42579528
2020/8/19,'000636,????,35.89,36.9,35.8,36.7,37.04,36.35,3.4692,31057616
2020/8/18,'000636,????,37.04,39.1,35.76,39.1,39.43,37.43,6.4196,57470629
2020/8/17,'000636,????,39.43,39.69,36.72,37,36.82,38.205,4.5549,40777268
2020/8/14,'000636,????,36.82,37.26,36.29,36.63,36.82,36.775,2.0711,18541106
2020/8/13,'000636,????,36.82,37.9,35.66,36.01,36.46,36.78,3.6009,32236223
2020/8/12,'000636,????,36.46,36.98,33.87,34.64,34.57,35.425,4.3419,38869954
2020/8/11,'000636,????,34.57,35.66,34.3,35.08,35.36,34.98,2.1615,19350803
2020/8/10,'000636,????,35.36,35.99,34.7,34.81,35,35.345,2.4849,22245445
2020/8/7,'000636,????,35,36.19,34.01,35.82,35.8,35.1,3.2975,29520497
2020/8/6,'000636,????,35.8,36.3,34.95,36.02,36.24,35.625,3.3851,30304404
2020/8/5,'000636,????,36.24,38.8,35.74,38.02,37.44,37.27,4.3062,38550723
2020/8/4,'000636,????,37.44,38.27,36.26,36.78,36.73,37.265,4.4719,40034283
2020/8/3,'000636,????,36.73,37.69,35.88,35.95,36.2,36.785,3.7949,33973450
2020/7/31,'000636,????,36.2,36.69,34.98,35.85,35.75,35.835,3.8617,34570988
2020/7/30,'000636,????,35.75,37.35,35.35,36.72,36.81,36.35,5.3604,47988024
2020/7/29,'000636,????,36.81,37.1,33.2,33.76,33.8,35.15,6.1036,54641033
2020/7/28,'000636,????,33.8,33.8,32.7,33.4,32.23,33.25,4.4342,39696082
2020/7/27,'000636,????,32.23,32.98,30.61,31.5,31.5,31.795,3.4458,30847496
2020/7/24,'000636,????,31.5,33.54,30.91,32.61,32.94,32.225,4.4404,39751730
2020/7/23,'000636,????,32.94,33,30.85,30.95,31.15,31.925,4.9536,44345864
2020/7/22,'000636,????,31.15,31.85,30.88,31.38,31.15,31.365,2.5381,22721686
2020/7/21,'000636,????,31.15,31.99,30.58,30.71,30.67,31.285,3.9242,35130708
2020/7/20,'000636,????,30.67,30.97,29.1,30.42,30.05,30.035,3.9044,34953317
2020/7/17,'000636,????,30.05,30.4,28.33,28.8,28.45,29.365,4.2645,38177081
2020/7/16,'000636,????,28.45,30.48,28.39,29.58,29.58,29.435,4.8316,43253936
2020/7/15,'000636,????,29.58,31.48,29.5,31,31.06,30.49,6.3199,56578045
2020/7/14,'000636,????,31.06,33.47,30.48,33.46,33.76,31.975,9.032,80857881
2020/7/13,'000636,????,33.76,34.35,32.11,32.11,33.76,33.23,6.7628,60542962
2020/7/10,'000636,????,33.76,34.8,33.03,33.22,33.63,33.915,4.9262,44100618
2020/7/9,'000636,????,33.63,34.33,32.88,33.5,33.66,33.605,5.4039,48377200
2020/7/8,'000636,????,33.66,34.19,31.08,31.72,31.4,32.635,6.7741,60643794
2020/7/7,'000636,????,31.4,33.09,31.11,31.3,30.69,32.1,7.4039,66281835
2020/7/6,'000636,????,30.69,31.18,28.88,29.23,29.7,30.03,7.526,67375122
2020/7/3,'000636,????,29.7,30.19,28.53,29.5,29.87,29.36,5.9702,53446871
2020/7/2,'000636,????,29.87,30.21,27.9,28.71,28.98,29.055,6.8576,61391938
2020/7/1,'000636,????,28.98,30.17,28.1,28.91,29.19,29.135,6.6197,59262032
2020/6/30,'000636,????,29.19,29.99,28.64,29.75,29.19,29.315,4.9699,44491814
2020/6/29,'000636,????,29.19,29.75,28.9,29.36,29.4,29.325,2.9311,26240255
2020/6/24,'000636,????,29.4,30.58,29.38,30.23,30.45,29.98,4.0681,36419006
2020/6/23,'000636,????,30.45,31.15,28.4,28.93,28.8,29.775,6.51,58279631
2020/6/22,'000636,????,28.8,29.99,28.32,29.61,29.18,29.155,4.7252,42301763
2020/6/19,'000636,????,29.18,30.05,28.61,29.21,28.81,29.33,5.4147,48474117
2020/6/18,'000636,????,28.81,30.06,27.62,27.79,28.05,28.84,7.8132,69946303
2020/6/17,'000636,????,28.05,28.09,25.4,25.64,25.79,26.745,6.8338,61178680
2020/6/16,'000636,????,25.79,26.31,25.53,25.96,25.48,25.92,3.3743,30207860
2020/6/15,'000636,????,25.48,26.1,24.84,25.24,25.57,25.47,4.074,36472078
2020/6/12,'000636,????,25.57,25.73,24.66,24.8,25.65,25.195,4.2269,37841024
2020/6/11,'000636,????,25.65,27.24,25.27,27.1,27.26,26.255,7.675,68708756
2020/6/10,'000636,????,27.26,27.37,25.92,26.38,26.49,26.645,4.9235,44076899
2020/6/9,'000636,????,26.49,26.87,26.12,26.8,26.4,26.495,4.0504,36260722
2020/6/8,'000636,????,26.4,28.27,26.11,27.99,27.38,27.19,6.8324,61165664
2020/6/5,'000636,????,27.38,27.72,26.62,27.32,27.38,27.17,5.4488,48779489
2020/6/4,'000636,????,27.38,28.07,27.1,27.51,27.46,27.585,4.7858,42844060
2020/6/3,'000636,????,27.46,28.85,26.73,27.4,26.97,27.79,8.2932,74243454
2020/6/2,'000636,????,26.97,27.95,26.68,27.27,26.85,27.315,9.0363,80895638
2020/6/1,'000636,????,26.85,26.85,24.66,24.8,24.41,25.755,10.9099,97668757
2020/5/29,'000636,????,24.41,24.75,22.29,22.68,22.5,23.52,11.1562,99874246
2020/5/28,'000636,????,22.5,22.58,21.59,22.1,22.35,22.085,4.4473,39814020
2020/5/27,'000636,????,22.35,23.58,22.1,23.47,23.63,22.84,6.2407,55868484
2020/5/26,'000636,????,23.63,23.85,22.75,23.02,23,23.3,6.3461,56812562
2020/5/25,'000636,????,23,23.35,22.33,22.84,22.64,22.84,4.9663,44459538
2020/5/22,'000636,????,22.64,23.49,22.26,23.3,22.97,22.875,5.2286,46808005
2020/5/21,'000636,????,22.97,24.08,22.75,24.08,23.9,23.415,6.2527,55976200
2020/5/20,'000636,????,23.9,24.88,23.58,24.71,25,24.23,7.7712,69570776
2020/5/19,'000636,????,25,25.1,23.44,23.5,23.18,24.27,9.238,82701977
2020/5/18,'000636,????,23.18,25.5,23.18,25.3,25.75,24.34,12.1877,109108419
2020/5/15,'000636,????,25.75,26.58,25.43,26.4,25.83,26.005,10.1486,90853499
2020/5/14,'000636,????,25.83,25.83,22.91,23.11,23.48,24.37,11.475,102728429
2020/5/13,'000636,????,23.48,23.94,23.06,23.5,23.62,23.5,5.4631,48907129
2020/5/12,'000636,????,23.62,23.65,22.66,23.15,23.28,23.155,7.0128,62780812
2020/5/11,'000636,????,23.28,23.65,22.46,22.46,22.26,23.055,10.5981,94877628
2020/5/8,'000636,????,22.26,22.9,21.81,22.42,21.39,22.355,11.3522,101628989
2020/5/7,'000636,????,21.39,21.85,20.99,21.65,21.41,21.42,6.8409,61241708
2020/5/6,'000636,????,21.41,21.68,20,20.24,20.25,20.84,9.86,88270049
2020/4/30,'000636,????,20.25,20.65,19.24,19.24,19.05,19.945,8.7233,78094293
2020/4/29,'000636,????,19.05,19.53,18.71,18.81,19.25,19.12,5.4082,48416078
2020/4/28,'000636,????,19.25,19.37,18,18.5,18.69,18.685,7.2199,64634900
2020/4/27,'000636,????,18.69,19.05,18.01,18.5,18.72,18.53,4.7816,42806292
2020/4/24,'000636,????,18.72,19.06,18.07,18.43,18.05,18.565,6.9428,62153891
2020/4/23,'000636,????,18.05,18.58,18,18.57,18.58,18.29,3.6434,32617156
2020/4/22,'000636,????,18.58,18.7,18.18,18.25,18.56,18.44,3.246,29059299
2020/4/21,'000636,????,18.56,18.62,18.06,18.48,18.85,18.34,4.5165,40432870
2020/4/20,'000636,????,18.85,18.88,18.19,18.56,18.6,18.535,4.6213,41371507
2020/4/17,'000636,????,18.6,19.45,18.45,19.08,18.9,18.95,7.4016,66261155
2020/4/16,'000636,????,18.9,18.95,18.04,18.21,18.53,18.495,5.7926,51856835
2020/4/15,'000636,????,18.53,18.95,17.83,18,18.1,18.39,8.0779,72315984
2020/4/14,'000636,????,18.1,18.25,17.48,17.75,17.46,17.865,5.6378,50471160
2020/4/13,'000636,????,17.46,17.56,16.91,17.42,17.9,17.235,4.6815,41909976
2020/4/10,'000636,????,17.9,19.21,17.79,18.87,18.98,18.5,7.8471,70249562
2020/4/9,'000636,????,18.98,19.45,18.64,19.3,19.17,19.045,7.2962,65318261
2020/4/8,'000636,????,19.17,20.14,18.59,18.74,18.85,19.365,11.6977,104722017
2020/4/7,'000636,????,18.85,19.38,18.57,19.33,17.73,18.975,10.6953,95747762
2020/4/3,'000636,????,17.73,18.08,17.61,17.98,18.31,17.845,6.5276,58436869
2020/4/2,'000636,????,18.31,18.35,16.87,16.99,16.95,17.61,10.0257,89753279
2020/4/1,'000636,????,16.95,17.78,16.45,16.48,16.3,17.115,8.6877,77774818
2020/3/31,'000636,????,16.3,16.9,16.26,16.7,16.39,16.58,4.2637,38169947
2020/3/30,'000636,????,16.39,16.95,15.92,16.74,17.16,16.435,7.0902,63474180
2020/3/27,'000636,????,17.16,18.15,17.1,17.97,17.66,17.625,5.2512,47010353
2020/3/26,'000636,????,17.66,18.59,17.64,18.05,18.27,18.115,5.9614,53368271
2020/3/25,'000636,????,18.27,18.89,18.18,18.55,18.08,18.535,8.1812,73240868
2020/3/24,'000636,????,18.08,18.69,17.06,18.6,18.23,17.875,9.5333,85345160
2020/3/23,'000636,????,18.23,19.49,18.23,19.21,20.25,18.86,9.1097,81553438
2020/3/20,'000636,????,20.25,21.17,19.81,21.07,20.61,20.49,7.3722,65998248
2020/3/19,'000636,????,20.61,20.87,19.61,19.84,19.99,20.24,7.862,70383269
2020/3/18,'000636,????,19.99,21.36,19.92,20.84,20.62,20.64,8.9773,80367874
2020/3/17,'000636,????,20.62,21.6,19.12,21.2,21.12,20.36,9.875,88404319
2020/3/16,'000636,????,21.12,23.32,21.12,23.12,23.47,22.22,13.1316,117558072
2020/3/13,'000636,????,23.47,23.95,21.38,21.5,21.85,22.665,14.0467,125750724
2020/3/12,'000636,????,21.85,22.32,20.91,21.02,21.7,21.615,6.9401,62130231
2020/3/11,'000636,????,21.7,23.34,21.51,23.01,23.07,22.425,8.8508,79235487
2020/3/10,'000636,????,23.07,23.3,21.15,21.51,21.46,22.225,10.274,91976341
2020/3/9,'000636,????,21.46,23.55,21.46,23.1,23.84,22.505,10.8724,97333332
2020/3/6,'000636,????,23.84,24.2,22.16,22.4,22.97,23.18,11.7735,105400641
2020/3/5,'000636,????,22.97,23.25,22.16,22.95,22.3,22.705,10.3174,92364570
2020/3/4,'000636,????,22.3,23.31,21.38,23.07,23.51,22.345,12.9509,115940486
2020/3/3,'000636,????,23.51,25.45,23.34,24.51,24.09,24.395,13.3469,119486046
2020/3/2,'000636,????,24.09,25.07,22.8,24.72,24.12,23.935,13.9096,124523226
2020/2/28,'000636,????,24.12,25.83,24.12,24.68,26.8,24.975,15.6777,140351651
2020/2/27,'000636,????,26.8,27.89,24.01,25.9,25.35,25.95,18.7634,167975795
2020/2/26,'000636,????,25.35,27.88,24.68,26.55,27.1,26.28,16.6008,148615953
2020/2/25,'000636,????,27.1,27.1,23.56,24,24.64,25.33,18.8143,168431767
2020/2/24,'000636,????,24.64,24.64,22.6,23.42,22.4,23.62,13.8142,123669663
2020/2/21,'000636,????,22.4,23.4,21.7,21.7,21.33,22.55,13.1404,117637464
2020/2/20,'000636,????,21.33,21.65,20.21,20.64,19.68,20.93,13.9108,124534041
2020/2/19,'000636,????,19.68,20.38,19.66,20.24,20.6,20.02,8.535,76408006
2020/2/18,'000636,????,20.6,20.79,19.5,19.95,19.95,20.145,10.521,94187168
2020/2/17,'000636,????,19.95,20.35,19.01,19.01,18.86,19.68,10.0713,90161915
2020/2/14,'000636,????,18.86,19.77,18.53,19.19,18.69,19.15,10.4972,93974027
2020/2/13,'000636,????,18.69,19.4,18.28,19.4,19.25,18.84,11.1822,100107038
2020/2/12,'000636,????,19.25,19.25,17.62,17.86,17.5,18.435,14.7776,132293706
2020/2/11,'000636,????,17.5,18.2,16.94,17.75,16.67,17.57,9.6695,86564269
2020/2/10,'000636,????,16.67,17.16,16.05,16.18,16.17,16.605,9.5491,85486484
2020/2/7,'000636,????,16.17,16.17,14.46,14.63,14.7,15.315,10.0938,90362789
2020/2/6,'000636,????,14.7,14.98,14.22,14.49,14.5,14.6,6.1045,54649543
2020/2/5,'000636,????,14.5,15.07,14.11,14.18,14.04,14.59,6.5554,58686185
2020/2/4,'000636,????,14.04,14.43,13.3,13.3,14.71,13.865,8.5688,76711115
2020/2/3,'000636,????,14.71,14.71,14.71,14.71,16.34,14.71,0.3086,2762800
2020/1/23,'000636,????,16.34,17.65,16.34,17.61,18.15,16.995,9.7536,87317334
2020/1/22,'000636,????,18.15,18.35,17.09,17.4,17.65,17.72,6.6439,59476453
2020/1/21,'000636,????,17.65,17.97,17.22,17.35,17.46,17.595,5.9671,53417801
2020/1/20,'000636,????,17.46,17.53,16.7,17.15,17.14,17.115,5.6973,51002719
2020/1/17,'000636,????,17.14,17.79,17.08,17.65,17.57,17.435,5.2022,46570173
2020/1/16,'000636,????,17.57,18.26,17.42,17.9,18.03,17.84,6.4039,57327977
2020/1/15,'000636,????,18.03,18.75,17.88,18.41,18.11,18.315,7.6197,68211360
2020/1/14,'000636,????,18.11,18.25,17.51,17.99,17.81,17.88,7.291,65268816
2020/1/13,'000636,????,17.81,18.04,17.1,17.1,17.36,17.57,6.8826,61613280
2020/1/10,'000636,????,17.36,17.84,17.08,17.55,17.75,17.46,6.5022,58208143
2020/1/9,'000636,????,17.75,17.99,17.41,17.83,18.15,17.7,9.6611,86486212
2020/1/8,'000636,????,18.15,18.39,17.04,17.04,17.18,17.715,15.1071,135238813
2020/1/7,'000636,????,17.18,18.48,16.8,17.94,17.28,17.64,12.3607,110653319
2020/1/6,'000636,????,17.28,18.18,17.01,17.5,17.03,17.595,14.4975,129782089
2020/1/3,'000636,????,17.03,17.03,16.28,16.5,15.48,16.655,6.3359,56719610
2020/1/2,'000636,????,15.48,15.82,14.85,15.03,14.89,15.335,8.4899,76001732
2019/12/31,'000636,????,14.89,15.24,14.71,15.02,15.15,14.975,4.0334,36106681
2019/12/30,'000636,????,15.15,15.18,14.1,14.3,14.67,14.64,6.1618,55160962
2019/12/27,'000636,????,14.67,15.32,14.67,15.02,15.11,14.995,4.8903,43777881
2019/12/26,'000636,????,15.11,15.27,14.77,15.03,15.17,15.02,5.9535,53295771
2019/12/25,'000636,????,15.17,15.53,14.52,14.61,14.3,15.025,9.3415,83625476
2019/12/24,'000636,????,14.3,14.38,13.88,14,13.91,14.13,3.0779,27553526
2019/12/23,'000636,????,13.91,14.55,13.8,14.24,14.41,14.175,3.6966,33092382
2019/12/20,'000636,????,14.41,14.58,14.21,14.4,14.47,14.395,3.0147,26987306
2019/12/19,'000636,????,14.47,14.92,14.29,14.81,14.81,14.605,5.1093,45738691
2019/12/18,'000636,????,14.81,15.18,14.76,14.96,15.06,14.97,5.0316,45043066
2019/12/17,'000636,????,15.06,15.21,14.72,14.89,14.94,14.965,6.1405,54970330
2019/12/16,'000636,????,14.94,15.13,14.27,14.27,14.36,14.7,7.0557,63162888
2019/12/13,'000636,????,14.36,14.42,13.95,14.37,14.23,14.185,4.9853,44628316
2019/12/12,'000636,????,14.23,14.68,13.95,13.95,14.07,14.315,5.0863,45532487
2019/12/11,'000636,????,14.07,14.73,14.03,14.65,14.72,14.38,5.1181,45817422
2019/12/10,'000636,????,14.72,14.8,14.2,14.36,14.45,14.5,5.5713,49874327
2019/12/9,'000636,????,14.45,14.63,14.07,14.41,14.37,14.35,5.163,46219766
2019/12/6,'000636,????,14.37,14.5,13.78,14.1,14.1,14.14,6.2803,56221566
2019/12/5,'000636,????,14.1,14.14,13.83,14.09,13.98,13.985,4.913,43981597
2019/12/4,'000636,????,13.98,14.44,13.88,14.18,14.4,14.16,5.0061,44814813
2019/12/3,'000636,????,14.4,14.49,13.8,13.81,13.96,14.145,6.6569,59592814
2019/12/2,'000636,????,13.96,14.5,13.12,13.22,13.26,13.81,8.2647,73985415
2019/11/29,'000636,????,13.26,13.38,12.82,12.99,12.95,13.1,4.8104,43063077
2019/11/28,'000636,????,12.95,13.14,12.78,12.81,12.9,12.96,4.0332,36105271
2019/11/27,'000636,????,12.9,13.05,12.28,12.32,12.29,12.665,5.5255,49464619
2019/11/26,'000636,????,12.29,12.4,12.06,12.07,12.1,12.23,1.8556,16611818
2019/11/25,'000636,????,12.1,12.62,11.7,12.48,12.47,12.16,3.1666,28347091
2019/11/22,'000636,????,12.47,12.95,12.31,12.5,12.5,12.63,2.9232,26168744
2019/11/21,'000636,????,12.5,12.64,12.35,12.44,12.5,12.495,1.7823,15954885
2019/11/20,'000636,????,12.5,13.01,12.47,12.7,12.67,12.74,3.3372,29874664
2019/11/19,'000636,????,12.67,12.68,12.4,12.5,12.45,12.54,2.2406,20058363
2019/11/18,'000636,????,12.45,12.63,12.34,12.55,12.52,12.485,2.3148,20722209
2019/11/15,'000636,????,12.52,12.78,12.06,12.07,12.22,12.42,5.0317,45044001
2019/11/14,'000636,????,12.22,12.5,11.44,11.53,11.54,11.97,4.2833,38344610
2019/11/13,'000636,????,11.54,11.63,11.39,11.57,11.61,11.51,1.4196,12708522
2019/11/12,'000636,????,11.61,11.77,11.21,11.71,11.62,11.49,2.392,21413167
2019/11/11,'000636,????,11.62,11.98,11.61,11.96,12.1,11.795,2.1607,19342228
2019/11/8,'000636,????,12.1,12.44,12.08,12.35,12.25,12.26,2.0063,17960441
2019/11/7,'000636,????,12.25,12.33,11.91,12,12.07,12.12,1.8786,16817292
2019/11/6,'000636,????,12.07,12.48,11.97,12.29,12.25,12.225,2.1694,19420473
2019/11/5,'000636,????,12.25,12.59,12.21,12.49,12.39,12.4,2.4333,21782838
2019/11/4,'000636,????,12.39,12.66,12.23,12.27,12.28,12.445,2.7169,24321327
2019/11/1,'000636,????,12.28,12.42,11.76,12.42,12.57,12.09,4.65,41626867
2019/10/31,'000636,????,12.57,12.93,12.56,12.84,12.8,12.745,1.7639,15790932
2019/10/30,'000636,????,12.8,12.97,12.7,12.96,13.03,12.835,1.9852,17771495
2019/10/29,'000636,????,13.03,13.42,13.03,13.35,13.33,13.225,2.7414,24540952
2019/10/28,'000636,????,13.33,13.44,12.86,13,13.06,13.15,3.8374,34352881
2019/10/25,'000636,????,13.06,13.1,12.69,12.75,12.7,12.895,3.7639,33694835
2019/10/24,'000636,????,12.7,12.94,12.39,12.92,12.91,12.665,2.8301,25334869
2019/10/23,'000636,????,12.91,13.14,12.72,12.82,12.86,12.93,2.4265,21721846
2019/10/22,'000636,????,12.86,12.99,12.69,12.7,12.71,12.84,2.3511,21046935
2019/10/21,'000636,????,12.71,12.78,12.35,12.78,12.82,12.565,2.8583,25587722
2019/10/18,'000636,????,12.82,13.26,12.66,13.23,13.25,12.96,4.0404,36169746
2019/10/17,'000636,????,13.25,13.7,13.12,13.58,13.59,13.41,4.2314,37879443
2019/10/16,'000636,????,13.59,13.91,13.36,13.85,13.73,13.635,4.3927,39323996
2019/10/15,'000636,????,13.73,14.39,13.73,14.35,15.25,14.06,11.7379,105077735
2019/10/14,'000636,????,15.25,15.6,15.06,15.31,15.4,15.33,10.2352,91625607
2019/10/11,'000636,????,15.4,15.59,14.22,14.47,14.17,14.905,14.1911,127038957
2019/10/10,'000636,????,14.17,14.18,13.68,13.99,13.94,13.93,5.3278,47695013
2019/10/9,'000636,????,13.94,14.09,13.28,13.7,13.91,13.685,4.186,37473265
2019/10/8,'000636,????,13.91,14.85,13.78,14.68,14.31,14.315,6.6054,59131540
2019/9/30,'000636,????,14.31,14.72,14.15,14.57,14.3,14.435,8.7159,78025349
2019/9/27,'000636,????,14.3,14.3,13.05,13.17,13,13.675,10.6698,95516719
2019/9/26,'000636,????,13,13.61,12.85,13.41,13.31,13.23,3.543,31717096
2019/9/25,'000636,????,13.31,14.01,13.31,14.01,14.09,13.66,4.2621,38154685
2019/9/24,'000636,????,14.09,14.21,13.6,13.6,13.67,13.905,5.6373,50465438
2019/9/23,'000636,????,13.67,13.9,13.38,13.9,13.99,13.64,4.5818,41016677
2019/9/20,'000636,????,13.99,14.23,13.92,14.1,14.18,14.075,3.2923,29472818
2019/9/19,'000636,????,14.18,14.25,13.9,13.96,14.06,14.075,4.2196,37773902
2019/9/18,'000636,????,14.06,14.26,13.71,14.01,13.99,13.985,4.0942,36651291
2019/9/17,'000636,????,13.99,14.4,13.84,14.4,14.45,14.12,4.3806,39215494
2019/9/16,'000636,????,14.45,14.63,14.05,14.63,14.42,14.34,5.0182,44922710
2019/9/12,'000636,????,14.42,14.91,14.28,14.89,14.71,14.595,5.3652,48029486
2019/9/11,'000636,????,14.71,15.16,14.61,14.61,14.68,14.885,6.8567,61381096
2019/9/10,'000636,????,14.68,15.36,14.33,14.5,14.54,14.845,10.7324,96076897
2019/9/9,'000636,????,14.54,14.75,13.63,13.74,13.65,14.19,11.0663,99065593
2019/9/6,'000636,????,13.65,14.13,13.43,13.73,13.51,13.78,8.6448,77388658
2019/9/5,'000636,????,13.51,14.08,13.5,13.8,13.69,13.79,12.2415,109586123
2019/9/4,'000636,????,13.69,13.97,12.97,13.2,13.12,13.47,12.2328,109508006
2019/9/3,'000636,????,13.12,13.64,12.4,12.42,12.4,13.02,11.6557,104342140
2019/9/2,'000636,????,12.4,12.68,12.09,12.12,12.34,12.385,7.5981,68018673
2019/8/30,'000636,????,12.34,13.45,12.12,13.3,13.27,12.785,13.2456,118574689
2019/8/29,'000636,????,13.27,13.27,12.56,12.56,12.06,12.915,14.1366,126551538
2019/8/28,'000636,????,12.06,12.76,12,12.71,12.83,12.38,8.9256,79902034
2019/8/27,'000636,????,12.83,13.12,12.75,13,13.1,12.935,10.6666,95487688
2019/8/26,'000636,????,13.1,13.56,12.82,13.17,13.56,13.19,11.963,107093311
2019/8/23,'000636,????,13.56,13.56,12.27,12.39,12.33,12.915,12.4193,111177804
2019/8/22,'000636,????,12.33,12.78,11.55,11.63,11.7,12.165,8.3542,74787147
2019/8/21,'000636,????,11.7,11.9,10.84,10.87,10.92,11.37,6.8712,61511441
2019/8/20,'000636,????,10.92,11.26,10.9,11.08,11.16,11.08,4.1327,36996005
2019/8/19,'000636,????,11.16,11.28,10.82,10.95,10.82,11.05,4.9319,44150682
2019/8/16,'000636,????,10.82,10.95,10.52,10.55,10.61,10.735,4.2288,37856616
2019/8/15,'000636,????,10.61,10.63,10.22,10.25,10.5,10.425,2.8955,25920658
2019/8/14,'000636,????,10.5,10.75,10.46,10.69,10.48,10.605,2.9568,26469167
2019/8/13,'000636,????,10.48,10.69,10.12,10.12,10.26,10.405,3.7838,33872397
2019/8/12,'000636,????,10.26,10.27,9.75,9.75,9.81,10.01,2.5463,22794735
2019/8/9,'000636,????,9.81,10.14,9.79,10.03,10,9.965,1.9233,17217803
2019/8/8,'000636,????,10,10.18,9.98,10.1,10.05,10.08,1.8671,16714113
2019/8/7,'000636,????,10.05,10.28,10.05,10.19,10.13,10.165,1.4297,12798891
2019/8/6,'000636,????,10.13,10.28,9.8,10.28,10.51,10.04,3.2892,29444595
2019/8/5,'000636,????,10.51,10.69,10.38,10.38,10.44,10.535,2.3275,20836217
2019/8/2,'000636,????,10.44,10.54,10.3,10.52,10.72,10.42,2.3147,20721602
2019/8/1,'000636,????,10.72,10.78,10.41,10.42,10.52,10.595,2.3975,21462617
2019/7/31,'000636,????,10.52,10.67,10.45,10.67,10.62,10.56,1.3012,11648412
2019/7/30,'000636,????,10.62,10.75,10.57,10.68,10.64,10.66,1.51,13517432
2019/7/29,'000636,????,10.64,10.71,10.52,10.6,10.57,10.615,1.4332,12830387
2019/7/26,'000636,????,10.57,10.64,10.46,10.64,10.69,10.55,1.705,15262936
2019/7/25,'000636,????,10.69,10.74,10.42,10.42,10.42,10.58,2.9034,25991547
2019/7/24,'000636,????,10.42,10.5,10.18,10.18,10.17,10.34,2.1917,19620184
2019/7/23,'000636,????,10.17,10.24,10,10.01,10.1,10.12,1.3404,11999395
2019/7/22,'000636,????,10.1,10.47,9.9,10.41,10.37,10.185,2.2288,19952673
2019/7/19,'000636,????,10.37,10.65,10.37,10.54,10.4,10.51,2.2193,19867502
2019/7/18,'000636,????,10.4,10.77,10.4,10.7,10.75,10.585,2.7699,24795976
2019/7/17,'000636,????,10.75,10.96,10.36,10.4,10.46,10.66,4.0325,36099165
2019/7/16,'000636,????,10.46,10.55,10,10.07,10.32,10.275,4.4099,39477164
2019/7/15,'000636,????,10.32,10.45,9.5,9.5,10.52,9.975,7.6006,68040642
2019/7/12,'000636,????,10.52,11.61,10.52,11.6,11.69,11.065,2.5667,22976900
2019/7/11,'000636,????,11.69,11.93,11.68,11.86,11.76,11.805,1.3917,12458600
2019/7/10,'000636,????,11.76,12.08,11.74,12,11.93,11.91,1.3661,12229465
2019/7/9,'000636,????,11.93,11.99,11.7,11.89,11.91,11.845,1.8125,16225517
2019/7/8,'000636,????,11.91,12.31,11.79,12.31,12.42,12.05,3.828,34268222
2019/7/5,'000636,????,12.42,12.48,12.33,12.38,12.42,12.405,1.9626,17569412
2019/7/4,'000636,????,12.42,12.43,12.25,12.28,12.26,12.34,2.0722,18550584
2019/7/3,'000636,????,12.26,12.49,12.21,12.48,12.5,12.35,2.5809,23103865
2019/7/2,'000636,????,12.5,12.62,12.44,12.6,12.67,12.53,3.3342,29847916
2019/7/1,'000636,????,12.67,12.69,12.31,12.41,12.1,12.5,6.1934,55443538
2019/6/28,'000636,????,12.1,12.33,12.01,12.32,12.34,12.17,2.7113,24271457
2019/6/27,'000636,????,12.34,12.48,12.08,12.09,12.05,12.28,3.9257,35142800
2019/6/26,'000636,????,12.05,12.16,11.88,12,12.1,12.02,1.5717,14069731
2019/6/25,'000636,????,12.1,12.31,11.95,12.29,12.28,12.13,2.5117,22484500
2019/6/24,'000636,????,12.28,12.44,12.17,12.4,12.42,12.305,2.5893,23179551
2019/6/21,'000636,????,12.42,12.68,12.22,12.25,12.19,12.45,4.389,39290618
2019/6/20,'000636,????,12.19,12.29,11.92,12,12.05,12.105,3.5281,31583615
2019/6/19,'000636,????,12.05,12.36,12.03,12.28,11.95,12.195,3.0674,27459300
2019/6/18,'000636,????,11.95,11.98,11.79,11.93,11.98,11.885,1.5262,13662148
2019/6/17,'000636,????,11.98,12.09,11.83,11.9,11.97,11.96,1.7172,15372200
2019/6/14,'000636,????,11.97,12.44,11.95,12.35,12.43,12.195,4.3474,38917771
2019/6/13,'000636,????,12.43,12.58,12.26,12.49,12.64,12.42,4.9066,43923630
2019/6/12,'000636,????,12.64,13.16,12.43,12.48,12.57,12.795,8.1866,73286548
2019/6/11,'000636,????,12.57,12.69,11.8,11.83,11.96,12.245,6.0145,53841658
2019/6/10,'000636,????,11.96,12.07,11.71,11.79,11.68,11.89,2.6987,24158713
2019/6/6,'000636,????,11.68,12,11.55,12,12.03,11.775,3.0428,27238867
2019/6/5,'000636,????,12.03,12.24,11.96,12.18,12.01,12.1,2.6182,23438259
2019/6/4,'000636,????,12.01,12.25,11.9,12.1,12.05,12.075,2.8468,25484416
2019/6/3,'000636,????,12.05,12.36,11.92,12.3,12.4,12.14,4.2051,37644424
2019/5/31,'000636,????,12.4,12.7,12.24,12.29,12.47,12.47,3.9246,35133019
2019/5/30,'000636,????,12.47,12.88,12.1,12.88,13.02,12.49,6.6277,59331754
2019/5/29,'000636,????,13.02,13.2,12.42,12.42,12.35,12.81,7.6134,68155212
2019/5/28,'000636,????,12.35,12.57,12.28,12.44,12.39,12.425,3.7425,33503028
2019/5/27,'000636,????,12.39,12.47,11.92,12.03,11.95,12.195,4.1258,36934218
2019/5/24,'000636,????,11.95,12.33,11.92,12.16,12.33,12.125,3.4991,31324421
2019/5/23,'000636,????,12.33,12.91,12.3,12.85,12.83,12.605,4.83,43238011
2019/5/22,'000636,????,12.83,13.36,12.71,13,13.14,13.035,6.4401,57652196
2019/5/21,'000636,????,13.14,13.59,12.33,12.5,12.63,12.96,9.5506,85496974
2019/5/20,'000636,????,12.93,12.96,12.13,12.33,12.21,12.545,6.7877,60763417
2019/5/17,'000636,????,12.21,12.88,12.15,12.58,12.67,12.515,5.2069,46612012
2019/5/16,'000636,????,12.67,12.95,12.04,12.09,12.16,12.495,7.4286,66500714
2019/5/15,'000636,????,12.16,12.19,12.02,12.1,11.97,12.105,3.3457,29950900
2019/5/14,'000636,????,11.97,12.14,11.83,11.85,12.15,11.985,2.4666,22081160
2019/5/13,'000636,????,12.15,12.44,12,12.44,12.49,12.22,3.9175,35069277
2019/5/10,'000636,????,12.49,12.57,11.68,12.12,11.92,12.125,5.4,48340591
2019/5/9,'000636,????,11.92,12.3,11.85,11.85,12.02,12.075,2.6953,24128792
2019/5/8,'000636,????,12.02,12.35,11.51,11.63,12.01,11.93,3.5696,31954854
2019/5/7,'000636,????,12.01,12.27,11.77,12.11,12.11,12.02,3.821,34205295
2019/5/6,'000636,????,12.11,12.7,12.11,12.7,13.45,12.405,5.0202,44941252
2019/4/30,'000636,????,13.45,13.53,13.26,13.3,13.26,13.395,2.7473,24593522
2019/4/29,'000636,????,13.26,14.09,13.12,14.02,14.02,13.605,4.8544,43457183
2019/4/26,'000636,????,14.02,14.49,14.02,14.48,14.66,14.255,4.881,43694813
2019/4/25,'000636,????,14.66,15.25,14.66,15.08,15.35,14.955,4.8255,43198240
2019/4/24,'000636,????,15.35,15.47,15.05,15.24,15.16,15.26,3.0632,27422116
2019/4/23,'000636,????,15.16,15.64,15.13,15.64,15.62,15.385,3.684,32978908
2019/4/22,'000636,????,15.62,15.95,15.38,15.91,15.89,15.665,4.862,43524454
2019/4/19,'000636,????,15.89,16.06,15.63,15.91,16.09,15.845,4.5221,40482203
2019/4/18,'000636,????,16.09,16.35,15.35,15.6,15.71,15.85,7.8736,70484896
2019/4/17,'000636,????,15.71,16.09,15.6,15.79,15.81,15.845,5.1098,45743282
2019/4/16,'000636,????,15.81,15.89,14.82,15,15.23,15.355,6.0126,53824856
2019/4/15,'000636,????,15.23,15.83,15.21,15.6,15.53,15.52,4.7441,42469297
2019/4/12,'000636,????,15.53,15.56,15.16,15.22,15.35,15.36,3.6443,32624175
2019/4/11,'000636,????,15.35,16.23,15.31,16.12,16.4,15.77,8.4644,75773951
2019/4/10,'000636,????,16.4,16.68,16.05,16.4,16.55,16.365,5.0343,45067106
2019/4/9,'000636,????,16.55,16.76,16.1,16.3,16.4,16.43,5.0634,45327413
2019/4/8,'000636,????,16.4,17.18,16.14,17.06,16.95,16.66,7.9356,71039630
2019/4/4,'000636,????,16.95,17.36,16.76,17.14,17.13,17.06,8.6293,77250046
2019/4/3,'000636,????,17.13,17.69,16.21,16.3,16.3,16.95,12.9269,115721810
2019/4/2,'000636,????,16.3,16.66,15.8,16.19,16.12,16.23,10.8018,96698475
2019/4/1,'000636,????,16.12,16.2,15.56,15.57,15.56,15.88,8.0187,71783541
2019/3/29,'000636,????,15.56,15.62,14.77,15.11,15.2,15.195,6.7827,60718565
2019/3/28,'000636,????,15.2,15.69,14.88,15.01,15.19,15.285,6.1149,54740819
2019/3/27,'000636,????,15.19,15.48,14.5,15.17,15.1,14.99,6.5402,58548235
2019/3/26,'000636,????,15.1,16.48,15.01,16.28,16.07,15.745,8.9082,79746138
2019/3/25,'000636,????,16.07,16.45,16.02,16.16,16.52,16.235,7.4941,67087507
2019/3/22,'000636,????,16.52,16.88,15.5,15.63,15.58,16.19,12.2652,109798613
2019/3/21,'000636,????,15.58,15.75,15.29,15.29,15.27,15.52,6.9528,62241453
2019/3/20,'000636,????,15.27,15.74,15,15.55,15.68,15.37,6.1128,54721598
2019/3/19,'000636,????,15.68,15.96,15.26,15.27,15.4,15.61,7.1725,64208305
2019/3/18,'000636,????,15.4,15.44,14.82,15.21,15.27,15.13,6.3146,56528121
2019/3/15,'000636,????,15.27,15.59,15.08,15.39,15.38,15.335,6.0259,53944371
2019/3/14,'000636,????,15.38,15.38,14.83,15.2,15.46,15.105,6.6979,59960228
2019/3/13,'000636,????,15.46,16.15,15.3,16.14,16.35,15.725,9.6813,86667336
2019/3/12,'000636,????,16.35,16.47,16,16.47,16.61,16.235,14.4209,129096016
2019/3/11,'000636,????,16.61,16.85,15.46,15.69,15.32,16.155,14.7372,131927891
2019/3/8,'000636,????,15.32,16.5,14.72,14.96,15.41,15.61,16.1951,144979153
2019/3/7,'000636,????,15.41,15.65,15,15.3,15.53,15.325,11.8303,105905636
2019/3/6,'000636,????,15.53,16.08,15.02,15.9,15.51,15.55,16.4197,146989621
2019/3/5,'000636,????,15.51,15.51,13.87,14,14.1,14.69,16.7427,149881157
2019/3/4,'000636,????,14.1,14.5,13.79,14.08,13.91,14.145,10.8633,97248349
2019/3/1,'000636,????,13.91,14.16,13.59,13.97,13.93,13.875,6.876,61553963
2019/2/28,'000636,????,13.93,14.5,13.66,14.35,14.47,14.08,9.6973,86810629
2019/2/27,'000636,????,14.47,14.95,14.21,14.39,14.53,14.58,9.2956,83214397
2019/2/26,'000636,????,14.53,15.07,14.21,14.9,15.14,14.64,14.3859,128783422
2019/2/25,'000636,????,15.14,15.6,14.49,15.11,14.84,15.045,18.4191,164887928
2019/2/22,'000636,????,14.84,14.97,14.19,14.51,14.77,14.58,12.3011,110119384
2019/2/21,'000636,????,14.77,15.45,14.2,14.3,14.35,14.825,13.9891,125230867
2019/2/20,'000636,????,14.35,14.84,14.03,14.48,14.75,14.435,11.1026,99390856
2019/2/19,'000636,????,14.75,14.87,13.39,13.59,13.52,14.13,15.5562,139259730
2019/2/18,'000636,????,13.52,13.75,12.81,12.88,12.55,13.28,13.4096,120043348
2019/2/15,'000636,????,12.55,13.16,12.11,12.27,12.24,12.635,13.1301,117540683
2019/2/14,'000636,????,12.24,12.78,12.07,12.45,12.32,12.425,13.3713,119700195
2019/2/13,'000636,????,12.32,12.32,11.42,11.65,11.2,11.87,15.6784,140353544
2019/2/12,'000636,????,11.2,11.27,10.63,10.7,10.72,10.95,7.6359,68356945
2019/2/11,'000636,????,10.72,10.73,10.29,10.38,10.45,10.51,4.8883,43760497
2019/2/1,'000636,????,10.45,10.55,10.2,10.2,10.22,10.375,3.4924,30574310
2019/1/31,'000636,????,10.22,10.4,9.86,10.4,10.5,10.13,4.258,37276745
2019/1/30,'000636,????,10.5,10.81,10.45,10.75,10.45,10.63,4.5913,40194242
2019/1/29,'000636,????,10.45,11.56,10.44,11.56,11.6,11,8.402,73555637
2019/1/28,'000636,????,11.6,11.85,11.56,11.75,11.7,11.705,3.0679,26857938
2019/1/25,'000636,????,11.7,11.88,11.6,11.76,11.83,11.74,4.1961,36734447
2019/1/24,'000636,????,11.83,11.97,11.45,11.5,11.63,11.71,5.5873,48914243
2019/1/23,'000636,????,11.63,11.73,11.45,11.53,11.58,11.59,2.9703,26003868
2019/1/22,'000636,????,11.58,11.76,11.51,11.76,11.81,11.635,3.3948,29719554
2019/1/21,'000636,????,11.81,11.93,11.36,11.44,11.46,11.645,5.7918,50704765
2019/1/18,'000636,????,11.46,11.52,11.04,11.09,11.11,11.28,4.35,38081726
2019/1/17,'000636,????,11.11,11.5,11.11,11.45,11.48,11.305,3.5378,30971802
2019/1/16,'000636,????,11.48,11.7,11.45,11.6,11.7,11.575,3.1165,27283642
2019/1/15,'000636,????,11.7,11.71,11.4,11.43,11.51,11.555,3.2494,28447026
2019/1/14,'000636,????,11.51,11.89,11.4,11.89,11.89,11.645,4.5136,39513983
2019/1/11,'000636,????,11.89,12.08,11.69,11.78,11.8,11.885,5.7105,49992481
2019/1/10,'000636,????,11.8,12.17,11.39,11.44,11.43,11.78,7.0109,61376712
2019/1/9,'000636,????,11.43,11.77,11.34,11.38,11.38,11.555,5.2183,45683779
2019/1/8,'000636,????,11.38,11.49,11.31,11.49,11.64,11.4,3.7527,32852925
2019/1/7,'000636,????,11.64,11.85,11.24,11.34,11.3,11.545,5.623,49227039
2019/1/4,'000636,????,11.3,11.37,10.81,10.88,11.04,11.09,4.4601,39045585
2019/1/3,'000636,????,11.04,11.04,10.75,10.8,10.75,10.895,3.3975,29743863
2019/1/2,'000636,????,10.75,10.9,10.68,10.78,10.74,10.79,1.9089,16711396
2018/12/28,'000636,????,10.74,11.09,10.72,11,10.98,10.905,2.6711,23384060
2018/12/27,'000636,????,10.98,11.47,10.98,11.45,11.26,11.225,2.9496,25822463
2018/12/26,'000636,????,11.26,11.53,11.24,11.46,11.53,11.385,2.7715,24263137
2018/12/25,'000636,????,11.53,11.57,10.9,11.15,11.31,11.235,4.7686,41746617
2018/12/24,'000636,????,11.31,11.37,11.01,11.01,11.08,11.19,3.0252,26483961
2018/12/21,'000636,????,11.08,11.34,11.01,11.24,11.33,11.175,2.5308,22156208
2018/12/20,'000636,????,11.33,11.43,11.2,11.2,11.26,11.315,2.0774,18186861
2018/12/19,'000636,????,11.26,11.49,11.24,11.45,11.45,11.365,2.1325,18669257
2018/12/18,'000636,????,11.45,11.58,11.29,11.42,11.54,11.435,2.257,19759249
2018/12/17,'000636,????,11.54,11.72,11.44,11.68,11.82,11.58,3.2916,28816660
2018/12/14,'000636,????,11.82,12.17,11.81,11.91,11.91,11.99,3.9381,34475851
2018/12/13,'000636,????,11.91,12.04,11.71,11.82,11.82,11.875,3.2537,28484845
2018/12/12,'000636,????,11.82,12.07,11.8,11.96,11.97,11.935,2.5402,22238617
2018/12/11,'000636,????,11.97,12.07,11.79,11.92,11.85,11.93,2.7587,24151271
2018/12/10,'000636,????,11.85,12.1,11.7,11.93,12.17,11.9,3.7731,33031509
2018/12/7,'000636,????,12.17,12.48,12.13,12.34,12.32,12.305,4.4538,38990444
2018/12/6,'000636,????,12.32,12.65,11.74,11.92,12.03,12.195,8.7318,76442752
2018/12/5,'000636,????,12.03,12.16,11.96,12.03,12.29,12.06,3.9771,34817484
2018/12/4,'000636,????,12.29,12.29,11.98,12.12,12.15,12.135,4.78,41846407
2018/12/3,'000636,????,12.15,12.32,11.9,12.12,11.72,12.11,5.7985,50763382
2018/11/30,'000636,????,11.72,11.77,11.4,11.46,11.51,11.585,3.6245,31730501
2018/11/29,'000636,????,11.51,12.08,11.48,11.98,12.04,11.78,4.9207,43078099
2018/11/28,'000636,????,12.04,12.26,11.3,11.41,11.37,11.78,6.5038,56937747
2018/11/27,'000636,????,11.37,11.72,11.24,11.68,11.55,11.48,4.2505,37210912
2018/11/26,'000636,????,11.55,11.95,11.47,11.7,11.8,11.71,3.7747,33045880
2018/11/23,'000636,????,11.8,12.7,11.78,12.7,12.72,12.24,5.3079,46468410
2018/11/22,'000636,????,12.72,12.9,12.6,12.79,12.74,12.75,2.8316,24789439
2018/11/21,'000636,????,12.74,12.75,12.51,12.66,12.76,12.63,2.9859,26140112
2018/11/20,'000636,????,12.76,13.04,12.74,13,13.19,12.89,4.8392,42364568
2018/11/19,'000636,????,13.19,13.67,13.09,13.55,13.66,13.38,7.3347,64211377
2018/11/16,'000636,????,13.66,13.74,13.27,13.32,13.31,13.505,7.8101,68373295
2018/11/15,'000636,????,13.31,13.44,13.08,13.35,13.47,13.26,6.8431,59907961
2018/11/14,'000636,????,13.47,13.77,13.01,13.11,13.12,13.39,7.6513,66983631
2018/11/13,'000636,????,13.12,13.27,12.83,12.9,13.15,13.05,5.6004,49028929
2018/11/12,'000636,????,13.15,13.16,12.71,12.81,12.87,12.935,4.2444,37157630
2018/11/9,'000636,????,12.87,13.08,12.63,12.71,12.97,12.855,3.8292,33522438
2018/11/8,'000636,????,12.97,13.58,12.89,13.51,13.5,13.235,8.5563,74906442
2018/11/7,'000636,????,13.5,13.85,13.22,13.85,13.96,13.535,8.6645,75853561
2018/11/6,'000636,????,13.96,13.98,13.63,13.98,14.12,13.805,4.5377,39725150
2018/11/5,'000636,????,14.12,14.41,13.82,14.39,14.45,14.115,7.411,64879657
2018/11/2,'000636,????,14.45,14.55,14.11,14.21,13.88,14.33,8.7532,76630131
2018/11/1,'000636,????,13.88,14.35,13.85,13.86,13.76,14.1,8.285,72530947
2018/10/31,'000636,????,13.76,13.94,13.08,13.25,13.1,13.51,6.4352,56337030
2018/10/30,'000636,????,13.1,13.33,12.68,13.21,13.25,13.005,5.01,43860077
2018/10/29,'000636,????,13.25,13.74,13.16,13.5,13.84,13.45,4.2881,37540230
2018/10/26,'000636,????,13.84,13.95,13.56,13.79,13.57,13.755,4.3233,37848544
2018/10/25,'000636,????,13.57,13.73,13.15,13.3,13.96,13.44,5.5288,48401843
2018/10/24,'000636,????,13.96,14.25,13.81,14.09,14.1,14.03,4.5559,39884430
2018/10/23,'000636,????,14.1,14.76,13.83,14.43,14.58,14.295,8.9726,78550790
2018/10/22,'000636,????,14.58,14.96,13.63,13.81,13.6,14.295,12.3405,108035256
2018/10/19,'000636,????,13.6,13.7,12.8,12.9,13.1,13.25,6.8447,59921973
2018/10/18,'000636,????,13.1,13.47,13.04,13.3,13.56,13.255,3.9331,34432423
2018/10/17,'000636,????,13.56,13.83,13.1,13.71,13.38,13.465,6.3167,55299849
2018/10/16,'000636,????,13.38,13.65,13.14,13.51,13.55,13.395,5.6798,49723986
2018/10/15,'000636,????,13.55,13.84,12.99,13,12.58,13.415,9.0177,78945607
2018/10/12,'000636,????,12.58,12.83,12.32,12.51,12.39,12.575,4.562,39937978
2018/10/11,'000636,????,12.39,12.98,12.1,12.61,13.35,12.54,5.9579,52158705
2018/10/10,'000636,????,13.35,13.46,13.05,13.34,13.31,13.255,3.3531,29355153
2018/10/9,'000636,????,13.31,13.61,12.89,13.48,13.54,13.25,6.1705,54019985
2018/10/8,'000636,????,13.54,14.38,13.54,14.22,15.04,13.96,6.33,55416329
2018/9/28,'000636,????,15.04,15.08,14.47,14.8,14.71,14.775,4.1735,36536992
2018/9/27,'000636,????,14.71,15.18,14.56,15.1,15.13,14.87,4.5283,39642840
2018/9/26,'000636,????,15.13,15.34,14.88,15.3,15.22,15.11,4.9995,43768336
2018/9/25,'000636,????,15.22,15.38,14.73,14.77,14.96,15.055,5.1211,44832349
2018/9/21,'000636,????,14.96,15.03,14.41,14.76,14.74,14.72,6.146,53804835
2018/9/20,'000636,????,14.74,15,14.36,14.41,14.57,14.68,5.6096,49109728
2018/9/19,'000636,????,14.57,14.93,14.33,14.41,14.56,14.63,5.899,51643015
2018/9/18,'000636,????,14.56,14.66,13.8,14.21,14.37,14.23,5.8157,50914021
2018/9/17,'000636,????,14.37,14.57,14.09,14.33,14.39,14.33,2.7226,23835443
2018/9/14,'000636,????,14.39,15.04,14.33,15,15.1,14.685,4.863,42573574
2018/9/13,'000636,????,15.1,15.25,14.58,15.19,14.91,14.915,4.4645,39084447
2018/9/12,'000636,????,14.91,15.28,14.8,15.19,15.19,15.04,3.4875,30531084
2018/9/11,'000636,????,15.19,15.48,15.05,15.15,15.14,15.265,3.9809,34850440
2018/9/10,'000636,????,15.14,15.9,14.9,15.78,15.48,15.4,4.8863,42777274
2018/9/7,'000636,????,15.48,16.17,15.18,15.74,15.74,15.675,4.99,43685112
2018/9/6,'000636,????,15.74,16.27,15.6,15.99,16.15,15.935,4.4186,38682946
2018/9/5,'000636,????,16.15,16.68,16.11,16.68,16.71,16.395,4.3865,38401795
2018/9/4,'000636,????,16.71,16.77,15.91,16.36,16.38,16.34,5.9741,52299970
2018/9/3,'000636,????,16.38,16.53,15.73,16.18,16.37,16.13,3.799,33258497
2018/8/31,'000636,????,16.37,16.84,16.34,16.58,16.46,16.59,4.2902,37558902
2018/8/30,'000636,????,16.46,17.3,16.08,17.08,17.18,16.69,6.4349,56334655
2018/8/29,'000636,????,17.18,17.4,16.91,17.31,17.45,17.155,5.2085,45597817
2018/8/28,'000636,????,17.45,17.55,17.08,17.27,17.27,17.315,6.9412,60766610
2018/8/27,'000636,????,17.27,17.63,16.2,16.28,16.11,16.915,8.9606,78445791
2018/8/24,'000636,????,16.11,16.49,16.04,16.48,16.57,16.265,4.8585,42533858
2018/8/23,'000636,????,16.57,16.8,15.96,16.23,16.3,16.38,6.6575,58283278
2018/8/22,'000636,????,16.3,16.65,15.82,15.99,15.9,16.235,7.3638,64466493
2018/8/21,'000636,????,15.9,16.43,15.88,16,15.65,16.155,8.8463,77445068
2018/8/20,'000636,????,15.65,15.75,14.45,15.4,15.53,15.1,7.7561,67901049
2018/8/17,'000636,????,15.53,17.6,15.53,17.53,17.26,16.565,9.5226,83365518
2018/8/16,'000636,????,17.26,17.66,17.1,17.25,17.6,17.38,5.1963,45490925
2018/8/15,'000636,????,17.6,17.9,17,17.23,17.38,17.45,7.2519,63486587
2018/8/14,'000636,????,17.38,17.95,17.15,17.25,16.9,17.55,9.3613,81953539
2018/8/13,'000636,????,16.9,16.98,16.24,16.6,16.68,16.61,6.6592,58297987
2018/8/10,'000636,????,16.68,17.15,16.42,16.42,16.27,16.785,7.6791,67226686
2018/8/9,'000636,????,16.27,16.72,15.91,16.08,16.49,16.315,10.3058,90222599
2018/8/8,'000636,????,16.49,17.16,16.49,16.49,18.32,16.825,10.3476,90588403
2018/8/7,'000636,????,18.32,18.36,17.63,17.89,17.7,17.995,7.1155,62292407
2018/8/6,'000636,????,17.7,18.27,17.4,17.97,18.01,17.835,5.7886,50676529
2018/8/3,'000636,????,18.01,19,17.76,18.9,19.05,18.38,9.0819,79507624
2018/8/2,'000636,????,19.05,19.6,18.18,19.15,19.36,18.89,8.313,72776236
2018/8/1,'000636,????,19.36,19.64,18.96,19.35,19.53,19.3,9.2836,81273452
2018/7/31,'000636,????,19.53,21.62,19.53,21.6,21.7,20.575,13.6308,119331280
2018/7/30,'000636,????,21.7,21.71,20.55,20.7,20.5,21.13,12.4117,108658353
2018/7/27,'000636,????,20.5,21.09,20.35,20.71,20.8,20.72,7.4204,64961997
2018/7/26,'000636,????,20.8,21.2,20.46,20.86,20.85,20.83,9.5636,83724426
2018/7/25,'000636,????,20.85,21.09,20.59,20.87,20.68,20.84,9.6523,84501004
2018/7/24,'000636,????,20.68,22.71,20.61,22.52,22.84,21.66,17.912,156810985
2018/7/23,'000636,????,22.84,22.95,22.16,22.5,22.8,22.555,8.6908,76083509
2018/7/20,'000636,????,22.8,22.86,22.12,22.5,22.61,22.49,9.7572,85419090
2018/7/19,'000636,????,22.61,23.35,21.84,22.9,23.37,22.595,14.176,124104294
2018/7/18,'000636,????,23.37,24.81,23.1,24.2,24.2,23.955,11.8504,103744812
2018/7/17,'000636,????,24.2,24.2,22.85,23.3,23.67,23.525,10.2481,89717203
2018/7/16,'000636,????,23.67,24.16,22.58,22.94,21.96,23.37,14.657,128314564
2018/7/13,'000636,????,21.96,21.96,19.68,19.78,19.96,20.82,9.9039,86704159
2018/7/12,'000636,????,19.96,20.36,18.97,19.1,19.27,19.665,10.4983,91907392
2018/7/11,'000636,????,19.27,19.48,18.43,18.61,19,18.955,12.4444,108944444
2018/7/10,'000636,????,19,19.5,18.38,18.66,17.73,18.94,14.4452,126460563
2018/7/9,'000636,????,17.73,17.73,17.03,17.4,16.12,17.38,7.937,69484108
2018/7/6,'000636,????,16.12,17.17,15.93,16.3,16.13,16.55,9.8007,85799899
2018/7/5,'000636,????,16.13,17.25,15.95,16.99,17.25,16.6,9.0482,79212451
2018/7/4,'000636,????,17.25,17.49,16.57,17.49,17.5,17.03,9.026,79017869
2018/7/3,'000636,????,17.5,17.98,16.63,16.88,16.68,17.305,12.6297,110567182
2018/7/2,'000636,????,16.68,17.28,16.4,16.5,15.88,16.84,12.4779,109238253
2018/6/29,'000636,????,15.88,15.88,14.52,14.59,14.44,15.2,11.7635,102983911
2018/6/28,'000636,????,14.44,15,14.28,14.55,14.72,14.64,4.9814,43609820
2018/6/27,'000636,????,14.72,15.06,14.48,14.92,15.03,14.77,5.8092,50856617
2018/6/26,'000636,????,15.03,15.22,14.47,14.6,14.79,14.845,5.947,52063157
2018/6/25,'000636,????,14.79,15.18,14.45,14.7,14.53,14.815,7.3101,63996354
2018/6/22,'000636,????,14.53,14.64,13.14,13.25,13.31,13.89,8.3872,73426068
2018/6/21,'000636,????,13.31,14.02,13.31,13.75,13.58,13.665,4.2203,36946247
2018/6/20,'000636,????,13.58,13.62,12.77,12.85,12.93,13.195,4.2931,37584172
2018/6/19,'000636,????,12.93,14.16,12.74,13.77,14.16,13.45,5.7797,50598272
2018/6/15,'000636,????,14.16,14.47,13.95,14.34,14.34,14.21,3.4939,30587296
2018/6/14,'000636,????,14.34,14.64,13.7,13.78,14,14.17,4.5954,40230298
2018/6/13,'000636,????,14,14.65,14,14.6,14.54,14.325,3.659,32032553
2018/6/12,'000636,????,14.54,14.75,14.15,14.15,14,14.45,5.7909,50696535
2018/6/11,'000636,????,14,14.25,13.9,14.05,14.04,14.075,2.9531,25853227
2018/6/8,'000636,????,14.04,14.25,13.81,13.96,13.85,14.03,3.7062,32446054
2018/6/7,'000636,????,13.92,14.17,13.71,13.98,13.9,13.94,2.3488,20562500
2018/6/6,'000636,????,13.9,14.14,13.7,13.8,13.91,13.92,3.464,30325353
2018/6/5,'000636,????,13.91,13.95,13.44,13.51,13.28,13.695,4.7368,41468193
2018/6/4,'000636,????,13.28,13.28,12.65,13.11,12.91,12.965,3.5145,30767613
2018/6/1,'000636,????,12.91,13.38,12.75,13.36,13.53,13.065,4.4878,39288096
2018/5/31,'000636,????,13.53,13.78,13.15,13.7,13.44,13.465,2.9794,26083556
2018/5/30,'000636,????,13.44,13.79,13.02,13.25,13.52,13.405,3.5587,31154276
2018/5/29,'000636,????,13.52,14.08,13.45,13.91,13.82,13.765,3.3999,29764490
2018/5/28,'000636,????,13.82,14.2,13.67,14.2,14.08,13.935,3.3654,29462763
2018/5/25,'000636,????,14.08,14.64,13.98,14.62,14.64,14.31,5.2713,46147972
2018/5/24,'000636,????,14.64,14.98,14.55,14.67,14.51,14.765,4.1775,36572218
2018/5/23,'000636,????,14.51,14.95,14.1,14.8,14.87,14.525,4.7291,41400674
2018/5/22,'000636,????,14.87,15.04,14.32,14.35,14.45,14.68,5.1192,44816351
2018/5/21,'000636,????,14.45,14.65,14.12,14.3,14.16,14.385,4.5113,39494516
2018/5/18,'000636,????,14.16,14.4,13.91,14.09,14.06,14.155,5.3795,47094749
2018/5/17,'000636,????,14.06,15.69,14.06,15.6,15.62,14.875,13.0338,114104128
2018/5/16,'000636,????,15.62,16.06,15.01,15.18,15.23,15.535,7.8645,68849948
2018/5/15,'000636,????,15.23,15.38,14.73,15.34,15.29,15.055,5.2859,46275660
2018/5/14,'000636,????,15.29,15.48,14.25,14.25,14.14,14.865,7.7552,67892914
2018/5/11,'000636,????,14.14,15.2,13.95,14.97,15,14.575,8.3963,73505533
2018/5/10,'000636,????,15,15.37,14.95,15.34,15.26,15.16,3.7108,32486197
2018/5/9,'000636,????,15.26,15.36,14.89,15.19,15.25,15.125,3.6179,31672650
2018/5/8,'000636,????,15.25,15.54,15.06,15.41,15.55,15.3,5.1007,44653746
2018/5/7,'000636,????,15.55,15.77,15.13,15.23,15.12,15.45,4.9552,43380167
2018/5/4,'000636,????,15.12,15.46,15,15.06,15.15,15.23,4.5854,40142497
2018/5/3,'000636,????,15.15,15.41,13.97,14.11,14.1,14.69,7.1035,62187322
2018/5/2,'000636,????,14.1,14.24,13.82,14.05,13.51,14.03,5.7398,50249498
2018/4/27,'000636,????,13.51,13.81,13.1,13.55,13.38,13.455,3.1863,27894429
2018/4/26,'000636,????,13.38,13.68,13.17,13.39,13.57,13.425,3.6956,32353581
2018/4/25,'000636,????,13.57,13.94,13.25,13.25,13.45,13.595,5.109,44726922
2018/4/24,'000636,????,13.45,13.61,12.97,13.08,12.98,13.29,5.1138,44768696
2018/4/23,'000636,????,12.98,13.2,12.71,12.99,12.92,12.955,4.7215,41334559
2018/4/20,'000636,????,12.92,13.93,12.92,13.5,14.35,13.425,10.024,87755492
2018/4/19,'000636,????,14.35,15.53,14.35,15.5,15.94,14.94,11.9157,104316172
2018/4/18,'000636,????,15.94,16.13,14.95,15.43,15.52,15.54,5.7915,50701575
2018/4/17,'000636,????,15.52,15.68,14.94,15.45,15.39,15.31,5.1161,44788589
2018/4/16,'000636,????,15.39,15.66,14.5,14.57,14.28,15.08,6.8786,60218501
2018/4/13,'000636,????,14.28,14.63,14.16,14.39,14.28,14.395,3.7654,32964451
2018/4/12,'000636,????,14.28,14.44,14.03,14.19,14.18,14.235,3.3298,29150451
2018/4/11,'000636,????,14.18,14.69,14.15,14.5,14.44,14.42,4.2279,37013574
2018/4/10,'000636,????,14.44,15.14,14.22,15.1,15.18,14.68,7.8701,68898985
2018/4/9,'000636,????,15.18,15.34,14.66,14.8,14.64,15,6.0638,53085571
2018/4/4,'000636,????,14.64,14.88,14.29,14.4,14.28,14.585,5.2923,46331857
2018/4/3,'000636,????,14.28,14.41,13.93,14,14.28,14.17,4.1574,36395631
2018/4/2,'000636,????,14.28,14.96,14.13,14.55,14.53,14.545,7.4406,65138807
2018/3/30,'000636,????,14.53,14.88,14,14.05,13.9,14.44,7.2334,63325110
2018/3/29,'000636,????,13.9,14.49,13.83,13.9,13.8,14.16,5.6738,49671640
2018/3/28,'000636,????,13.8,14.08,13.6,13.84,14.14,13.84,5.5827,48874017
2018/3/27,'000636,????,14.14,14.27,13.46,13.7,13.88,13.865,10.9334,95716294
2018/3/26,'000636,????,13.88,13.88,12.35,12.35,12.62,13.115,9.1813,80377342
2018/3/23,'000636,????,12.62,13.23,12.19,12.6,13.06,12.71,6.9011,60415471
2018/3/22,'000636,????,13.06,13.25,12.78,12.99,12.58,13.015,6.0731,53167404
2018/3/21,'000636,????,12.58,13.19,12.4,12.4,12.32,12.795,5.8987,51640200
2018/3/20,'000636,????,12.32,12.54,12.1,12.36,12.54,12.32,3.2651,28584618
2018/3/19,'000636,????,12.54,12.83,12.37,12.42,12.47,12.6,3.3334,29182175
2018/3/16,'000636,????,12.47,12.68,12.4,12.56,12.53,12.54,2.7928,24449718
2018/3/15,'000636,????,12.53,12.96,12.16,12.82,12.9,12.56,5.9747,52305916
2018/3/14,'000636,????,12.9,13.33,12.54,12.54,12.47,12.935,7.8129,68398232
2018/3/13,'000636,????,12.47,12.98,12.46,12.72,12.78,12.72,4.6234,40475304
2018/3/12,'000636,????,12.78,13.15,12.66,12.67,12.77,12.905,5.3985,47261305
2018/3/9,'000636,????,12.77,12.94,12.48,12.51,12.41,12.71,5.1969,45496059
2018/3/8,'000636,????,12.41,12.59,12.28,12.39,12.37,12.435,3.148,27559616
2018/3/7,'000636,????,12.37,12.72,12.27,12.53,12.72,12.495,5.0788,44462837
2018/3/6,'000636,????,12.72,13,12.54,12.76,12.74,12.77,4.8649,42589885
2018/3/5,'000636,????,12.74,12.79,12.4,12.65,12.5,12.595,4.6705,40888250
2018/3/2,'000636,????,12.5,12.93,12.06,12.16,12.3,12.495,6.7547,59133842
2018/3/1,'000636,????,12.3,12.42,11.76,11.8,11.95,12.09,4.9951,43729959
2018/2/28,'000636,????,11.95,12.28,11.82,11.98,12.05,12.05,3.8909,34062880
2018/2/27,'000636,????,12.05,12.5,11.95,12.02,12.22,12.225,4.4808,39227200
2018/2/26,'000636,????,12.22,12.44,11.5,11.69,11.49,11.97,7.1361,62473463
2018/2/23,'000636,????,11.49,11.57,11.21,11.44,11.47,11.39,4.6655,40844344
2018/2/22,'000636,????,11.47,11.57,11.22,11.4,11.27,11.395,4.792,41951346
2018/2/14,'000636,????,11.27,11.45,10.89,11.1,10.72,11.17,5.8841,51512732
2018/2/13,'000636,????,10.72,10.76,10.27,10.34,10.39,10.515,3.7786,33079520
2018/2/12,'000636,????,10.39,10.46,9.82,9.98,9.91,10.14,3.319,29056003
2018/2/9,'000636,????,9.91,10.32,9.85,9.9,10.32,10.085,3.442,30132885
2018/2/8,'000636,????,10.32,10.48,10.08,10.18,10.23,10.28,3.0938,27084340
2018/2/7,'000636,????,10.23,10.37,9.68,10.28,9.96,10.025,3.48,30465515
2018/2/6,'000636,????,9.96,10.35,9.81,10.03,10.53,10.08,3.0987,27127489
2018/2/5,'000636,????,10.53,10.79,10.18,10.18,10.28,10.485,3.6138,31637060
2018/2/2,'000636,????,10.28,10.29,9.52,9.72,9.74,9.905,3.3933,29706428
2018/2/1,'000636,????,9.74,10.36,9.7,10.17,10.19,10.03,2.7564,24131085
2018/1/31,'000636,????,10.19,10.31,9.95,10.24,10.39,10.13,2.7034,23667350
2018/1/30,'000636,????,10.39,10.51,10.23,10.34,10.36,10.37,2.0614,18046663
2018/1/29,'000636,????,10.36,10.93,10.3,10.8,10.97,10.615,5.3783,47084341
2018/1/26,'000636,????,10.97,11.77,10.88,11.6,11.68,11.325,5.9931,52466972
2018/1/25,'000636,????,11.68,11.87,11.62,11.68,11.8,11.745,2.4319,21290382
2018/1/24,'000636,????,11.8,11.96,11.58,11.61,11.81,11.77,4.1379,36225605
2018/1/23,'000636,????,11.81,11.83,11.12,11.28,11.32,11.475,4.7927,41957369
2018/1/22,'000636,????,11.32,11.44,10.83,11.3,11.37,11.135,3.5476,31057489
2018/1/19,'000636,????,11.37,11.58,11.19,11.29,11.3,11.385,3.7273,32631029
2018/1/18,'000636,????,11.3,11.45,11.1,11.26,11.22,11.275,2.8368,24834906
2018/1/17,'000636,????,11.22,11.5,10.83,11.5,11.53,11.165,4.778,41829246
2018/1/16,'000636,????,11.53,11.82,11.24,11.73,11.74,11.53,5.2608,46056005
2018/1/15,'000636,????,11.74,12.44,11.53,12.14,12.29,11.985,6.1393,53746770
2018/1/12,'000636,????,12.29,12.92,12.2,12.85,13,12.56,6.0507,52971182
2018/1/11,'000636,????,13,13.09,12.6,13.01,12.9,12.845,5.7809,50609225
2018/1/10,'000636,????,12.9,13.36,12.67,12.72,12.79,13.015,7.5349,65964476
2018/1/9,'000636,????,12.79,13.16,12.61,13.1,13.26,12.885,7.6684,66666895
2018/1/8,'000636,????,13.26,13.31,12.85,13.08,13.15,13.08,7.4701,64943169
2018/1/5,'000636,????,13.15,13.6,12.68,12.68,12.52,13.14,10.562,91823453
2018/1/4,'000636,????,12.52,13.27,12.51,12.78,12.59,12.89,9.9046,86107908
2018/1/3,'000636,????,12.59,12.85,12.1,12.12,12.26,12.475,8.0871,70307075
2018/1/2,'000636,????,12.26,12.44,11.68,12.1,11.88,12.06,8.2407,71642800
2017/12/29,'000636,????,11.88,12.04,11.3,11.36,11.39,11.67,8.3405,67770948
2017/12/28,'000636,????,11.39,11.64,11.23,11.43,11.45,11.435,4.4306,36000879
2017/12/27,'000636,????,11.45,11.73,11.43,11.55,11.57,11.58,6.4093,52079170
2017/12/26,'000636,????,11.57,11.69,10.74,11.01,11.03,11.215,8.4045,68291386
2017/12/25,'000636,????,11.03,11.4,10.87,11.3,11.37,11.135,5.6192,45659200
2017/12/22,'000636,????,11.37,11.48,11.22,11.33,11.41,11.35,4.8695,39567556
2017/12/21,'000636,????,11.41,11.56,11.07,11.21,11.1,11.315,8.1859,66514764
2017/12/20,'000636,????,11.1,11.45,11.05,11.16,11.3,11.25,5.9067,47995270
2017/12/19,'000636,????,11.3,11.58,11.1,11.44,11.35,11.34,8.2639,67148844
2017/12/18,'000636,????,11.35,11.41,10.87,11.23,11.24,11.14,8.4483,68646798
2017/12/15,'000636,????,11.24,12.36,11.16,12.3,12.4,11.76,12.0619,98009806
2017/12/14,'000636,????,12.4,12.57,12.15,12.46,12.55,12.36,6.0201,48916335
2017/12/13,'000636,????,12.55,12.59,11.97,12.12,12.18,12.28,8.3152,67565464
2017/12/12,'000636,????,12.18,12.65,12.07,12.16,12.3,12.36,8.2425,66975217
2017/12/11,'000636,????,12.3,12.33,11.94,12.05,12.17,12.135,7.0845,57565155
2017/12/8,'000636,????,12.17,12.39,11.7,12,12,12.045,9.7851,79509183
2017/12/7,'000636,????,12,12.97,12,12.89,13.07,12.485,12.8302,104252779
2017/12/6,'000636,????,13.07,13.09,12.2,12.45,12.5,12.645,12.0811,98165953
2017/12/5,'000636,????,12.5,13.66,12.39,13.5,13.77,13.025,13.9562,113402156
2017/12/4,'000636,????,13.77,14.27,13.4,13.73,13.65,13.835,9.1827,74614110
2017/12/1,'000636,????,13.65,14.08,13.08,13.31,13.23,13.58,11.5207,93611867
2017/11/30,'000636,????,13.23,13.63,12.12,12.2,12.39,12.875,14.5911,118560503
2017/11/29,'000636,????,12.39,13.05,12.23,12.53,12.61,12.64,9.5976,77986119
2017/11/28,'000636,????,12.61,12.66,12,12.35,12.29,12.33,10.0002,81257501
2017/11/27,'000636,????,12.29,12.54,11.36,11.36,11.4,11.95,12.532,101829782
2017/11/24,'000636,????,11.4,12.15,11.11,11.8,11.96,11.63,5.9483,48333185
2017/11/23,'000636,????,11.96,12.37,11.68,12.03,12.19,12.025,7.2693,59067192
2017/11/22,'000636,????,12.19,12.53,11.77,12.45,12.64,12.15,8.5055,69111992
2017/11/21,'000636,????,12.64,12.72,12.07,12.56,12.39,12.395,11.8098,95961320
2017/11/20,'000636,????,12.39,12.39,10.95,11.37,11.26,11.67,11.9598,97179815
2017/11/17,'000636,????,11.26,11.85,11.11,11.71,11.68,11.48,9.1706,74516300
2017/11/16,'000636,????,11.68,12.1,11.53,11.91,11.8,11.815,7.0712,57457529
2017/11/15,'000636,????,11.8,11.94,11.43,11.7,11.6,11.685,7.9947,64961358
2017/11/14,'000636,????,11.6,11.92,11.35,11.35,11.33,11.635,7.8728,63971081
2017/11/13,'000636,????,11.33,11.39,11.08,11.3,11.26,11.235,5.4892,44602587
2017/11/10,'000636,????,11.26,11.66,10.78,10.78,10.78,11.22,10.2085,82949449
2017/11/9,'000636,????,10.78,11.18,10.61,10.78,10.62,10.895,8.305,67482588
2017/11/8,'000636,????,10.62,11,10.34,10.4,10.1,10.67,12.4503,101165738
2017/11/7,'000636,????,10.1,10.21,9.6,9.6,9.67,9.905,6.9504,56475687
2017/11/6,'000636,????,9.67,9.72,9.38,9.47,9.45,9.55,2.9077,23626860
2017/11/3,'000636,????,9.45,9.5,9.32,9.36,9.36,9.41,2.3294,18927363
2017/11/2,'000636,????,9.36,9.5,9.19,9.2,9.21,9.345,2.9588,24041669
2017/11/1,'000636,????,9.21,9.32,9.11,9.18,9.16,9.215,1.9058,15485778
2017/10/31,'000636,????,9.16,9.25,8.83,8.83,8.87,9.04,2.501,20321833
2017/10/30,'000636,????,8.87,9.04,8.66,8.93,8.96,8.85,1.3394,10883209
2017/10/27,'000636,????,8.96,9.12,8.92,9,9.02,9.02,1.1932,9695699
2017/10/26,'000636,????,9.02,9.06,8.92,9.06,9.01,8.99,1.243,10100108
2017/10/25,'000636,????,9.01,9.04,8.86,8.99,8.98,8.95,1.4384,11687727
2017/10/24,'000636,????,8.98,9.07,8.86,8.91,8.9,8.965,1.1238,9131381
2017/10/23,'000636,????,8.9,8.96,8.83,8.86,8.89,8.895,0.8918,7246416
2017/10/20,'000636,????,8.89,8.91,8.7,8.81,8.79,8.805,0.9966,8097868
2017/10/19,'000636,????,8.79,9.02,8.55,8.98,8.98,8.785,1.601,13008758
2017/10/18,'000636,????,8.98,9.25,8.9,9.2,9.21,9.075,2.0883,16968616
2017/10/17,'000636,????,9.21,9.3,9.12,9.23,9.22,9.21,1.2927,10504043
2017/10/16,'000636,????,9.22,9.7,9.16,9.7,9.68,9.43,2.9779,24197016
2017/10/13,'000636,????,9.68,9.72,9.45,9.53,9.51,9.585,1.7004,13816345
2017/10/12,'000636,????,9.51,9.78,9.4,9.71,9.74,9.59,2.4112,19592458
2017/10/11,'000636,????,9.74,9.9,9.71,9.84,9.82,9.805,2.3344,18968175
2017/10/10,'000636,????,9.82,9.84,9.61,9.7,9.73,9.725,2.196,17844051
2017/10/9,'000636,????,9.73,9.82,9.56,9.57,9.47,9.69,2.6344,21406148
2017/9/29,'000636,????,9.47,9.54,9.39,9.4,9.4,9.465,1.1701,9507602
2017/9/28,'000636,????,9.4,9.56,9.39,9.41,9.45,9.475,1.5295,12427860
2017/9/27,'000636,????,9.45,9.51,9.4,9.43,9.41,9.455,1.2425,10096338
2017/9/26,'000636,????,9.41,9.5,9.28,9.36,9.45,9.39,1.6427,13348035
2017/9/25,'000636,????,9.45,9.98,9.43,9.93,9.96,9.705,3.4623,28133401
2017/9/22,'000636,????,9.96,10.05,9.55,9.72,9.73,9.8,4.0289,32736844
2017/9/21,'000636,????,9.73,10.03,9.68,9.82,9.86,9.855,3.6369,29551488
2017/9/20,'000636,????,9.86,9.95,9.43,9.54,9.57,9.69,3.762,30568363
2017/9/19,'000636,????,9.57,9.8,9.51,9.74,9.78,9.655,2.1684,17619432
2017/9/18,'000636,????,9.78,9.8,9.57,9.64,9.66,9.685,2.3602,19178287
2017/9/15,'000636,????,9.66,9.71,9.54,9.55,9.57,9.625,2.0521,16674252
2017/9/14,'000636,????,9.57,9.78,9.51,9.73,9.72,9.645,2.6359,21417888
2017/9/13,'000636,????,9.72,9.91,9.56,9.72,9.81,9.735,3.8091,30950849
2017/9/12,'000636,????,9.81,10.3,9.81,10.09,10.16,10.055,7.1979,58487223
2017/9/11,'000636,????,10.16,10.23,9.83,9.89,9.95,10.03,5.3775,43695473
2017/9/8,'000636,????,9.95,10.07,9.8,9.8,9.73,9.935,5.9102,48023548
2017/9/7,'000636,????,9.73,9.78,9.64,9.68,9.78,9.71,2.9599,24050747
2017/9/6,'000636,????,9.78,9.88,9.48,9.48,9.39,9.68,5.6632,46016324
2017/9/5,'000636,????,9.39,9.58,9.36,9.56,9.58,9.47,2.2111,17966172
2017/9/4,'000636,????,9.58,9.62,9.4,9.48,9.46,9.51,2.8482,23143002
2017/9/1,'000636,????,9.46,9.5,9.33,9.37,9.42,9.415,2.4906,20237279
2017/8/31,'000636,????,9.42,9.45,9.25,9.26,9.26,9.35,2.1983,17862076
2017/8/30,'000636,????,9.26,9.3,9.17,9.18,9.19,9.235,1.6605,13492826
2017/8/29,'000636,????,9.19,9.36,9.17,9.35,9.35,9.265,1.9379,15746415
2017/8/28,'000636,????,9.35,9.37,9.19,9.19,9.19,9.28,1.9476,15825164
2017/8/25,'000636,????,9.19,9.24,9.07,9.1,9.07,9.155,1.9922,16187570
2017/8/24,'000636,????,9.07,9.35,9.05,9.35,9.35,9.2,2.4302,19746367
2017/8/23,'000636,????,9.35,9.39,9.18,9.32,9.35,9.285,2.2012,17885663
2017/8/22,'000636,????,9.35,9.69,9.29,9.63,9.61,9.49,3.7539,30502246
2017/8/21,'000636,????,9.61,9.74,9.55,9.6,9.58,9.645,2.2528,18304973
2017/8/18,'000636,????,9.58,9.81,9.51,9.75,9.85,9.66,3.2168,26138346
2017/8/17,'000636,????,9.85,9.95,9.73,9.92,10,9.84,3.2016,26014533
2017/8/16,'000636,????,10,10.06,9.67,9.96,9.99,9.865,4.5818,37229308
2017/8/15,'000636,????,9.99,10.18,9.41,9.47,9.52,9.795,6.7981,55238152
2017/8/14,'000636,????,9.52,9.65,9.23,9.29,9.19,9.44,4.5119,36661440
2017/8/11,'000636,????,9.19,9.54,9.12,9.3,9.51,9.33,4.8836,39681908
2017/8/10,'000636,????,9.51,9.76,8.97,8.97,8.87,9.365,8.4362,68548905
2017/8/9,'000636,????,8.87,8.96,8.73,8.92,8.96,8.845,1.9127,15541622
2017/8/8,'000636,????,8.96,9.09,8.93,9.02,9.01,9.01,1.5345,12468683
2017/8/7,'000636,????,9.01,9.04,8.87,8.95,9.05,8.955,1.4777,12007102
2017/8/4,'000636,????,9.05,9.3,9.05,9.25,9.2,9.175,2.1841,17746899
2017/8/3,'000636,????,9.2,9.23,8.99,9.04,9.07,9.11,1.9233,15627938
2017/8/2,'000636,????,9.07,9.34,9.07,9.16,9.07,9.205,3.0774,25005324
2017/8/1,'000636,????,9.07,9.24,8.96,9.21,9.28,9.1,2.7201,22102393
2017/7/31,'000636,????,9.28,9.32,9.1,9.18,9.31,9.21,3.1595,25672336
2017/7/28,'000636,????,9.31,9.45,9.02,9.1,9.22,9.235,3.7271,30284663
2017/7/27,'000636,????,9.22,9.41,8.93,8.98,9,9.17,5.7286,46548210
2017/7/26,'000636,????,9,9.04,8.46,8.66,8.69,8.75,2.8729,23344200
2017/7/25,'000636,????,8.69,8.84,8.56,8.59,8.59,8.7,1.4971,12164997
2017/7/24,'000636,????,8.59,8.7,8.52,8.61,8.62,8.61,1.1421,9280144
2017/7/21,'000636,????,8.62,8.71,8.51,8.6,8.61,8.61,1.0377,8431512
2017/7/20,'000636,????,8.61,8.75,8.49,8.54,8.55,8.62,1.5731,12782151
2017/7/19,'000636,????,8.55,8.61,8.37,8.43,8.4,8.49,1.5736,12786322
2017/7/18,'000636,????,8.4,8.42,8.12,8.22,8.2,8.27,1.236,10043160
2017/7/17,'000636,????,8.2,8.83,8.2,8.81,8.85,8.515,1.8715,15206994
2017/7/14,'000636,????,8.85,9,8.78,8.96,9.06,8.89,1.7682,14367610
2017/7/13,'000636,????,9.06,9.07,8.56,8.69,8.71,8.815,2.7429,22287968
2017/7/12,'000636,????,8.71,8.72,8.5,8.63,8.59,8.61,1.4124,11476589
2017/7/11,'000636,????,8.59,8.95,8.58,8.88,8.88,8.765,1.4461,11750307
2017/7/10,'000636,????,8.88,9.08,8.86,9.03,9.08,8.97,1.3176,10705834
2017/7/7,'000636,????,9.08,9.1,8.87,8.99,8.97,8.985,1.7375,14117761
2017/7/6,'000636,????,8.97,9.08,8.83,8.89,8.98,8.955,2.1889,17786002
2017/7/5,'000636,????,8.98,9.11,8.8,8.97,8.88,8.955,3.3225,26996940
2017/7/4,'000636,????,8.88,8.95,8.56,8.7,8.7,8.755,2.6139,21239435
2017/7/3,'000636,????,8.7,8.7,8.45,8.5,8.51,8.575,1.1643,9460733
2017/6/30,'000636,????,8.51,8.66,8.48,8.65,8.66,8.57,1.2137,9861961
2017/6/29,'000636,????,8.66,8.72,8.55,8.64,8.67,8.635,0.7126,5790465
2017/6/28,'000636,????,8.67,8.8,8.58,8.75,8.81,8.69,1.345,10929270
2017/6/27,'000636,????,8.81,8.93,8.54,8.56,8.6,8.735,3.0805,25030670
2017/6/26,'000636,????,8.6,8.62,8.32,8.4,8.42,8.47,1.6772,13627956
2017/6/23,'000636,????,8.42,8.53,8.2,8.39,8.4,8.365,1.5576,12656621
2017/6/22,'000636,????,8.4,8.82,8.32,8.6,8.5,8.57,3.5592,28920675
2017/6/21,'000636,????,8.5,8.5,8.22,8.22,8.15,8.36,2.8198,22912077
2017/6/20,'000636,????,8.15,8.24,8.08,8.13,8.1,8.16,1.1417,9276607
2017/6/19,'000636,????,8.1,8.13,8.04,8.05,8.08,8.085,0.8098,6579801
2017/6/16,'000636,????,8.08,8.09,8.01,8.05,8.05,8.05,0.8192,6656158
2017/6/15,'000636,????,8.05,8.1,7.95,7.97,7.98,8.025,1.1674,9485654
2017/6/14,'000636,????,7.98,8.08,7.97,8.04,8.04,8.025,0.9451,7679102
2017/6/13,'000636,????,8.04,8.16,7.85,7.85,7.9,8.005,1.428,11603483
2017/6/12,'000636,????,7.9,8.1,7.89,7.97,8,7.995,0.9986,8113851
2017/6/9,'000636,????,8,8.01,7.87,7.98,7.98,7.94,0.8935,7260434
2017/6/8,'000636,????,7.98,8.09,7.96,8.01,8.01,8.025,1.0917,8870560
2017/6/7,'000636,????,8.01,8.02,7.87,7.92,7.77,7.945,1.4306,11624510
2017/6/6,'000636,????,7.77,7.82,7.67,7.73,7.73,7.745,1.0226,8309556
2017/6/5,'000636,????,7.73,7.78,7.63,7.7,7.69,7.705,0.7865,6391115
2017/6/2,'000636,????,7.69,7.75,7.51,7.56,7.65,7.63,0.925,7516530
2017/6/1,'000636,????,7.65,8.17,7.5,8.1,8.16,7.835,2.4948,20271516
2017/5/31,'000636,????,8.16,8.52,8.08,8.41,8.34,8.3,1.1038,8969262
2017/5/26,'000636,????,8.34,8.44,8.28,8.33,8.33,8.36,1.4053,11418842
2017/5/25,'000636,????,8.35,8.43,8.1,8.28,8.26,8.265,1.6555,13451514
2017/5/24,'000636,????,8.26,8.46,8.12,8.46,8.46,8.29,1.079,8767145
2017/5/23,'000636,????,8.46,8.7,8.39,8.62,8.68,8.545,1.0704,8697318
2017/5/22,'000636,????,8.68,8.74,8.4,8.61,8.7,8.57,1.4204,11541782
2017/5/19,'000636,????,8.7,8.87,8.43,8.43,8.46,8.65,1.922,15617349
2017/5/18,'000636,????,8.46,8.56,8.41,8.42,8.5,8.485,0.7039,5719910
2017/5/17,'000636,????,8.5,8.65,8.42,8.47,8.49,8.535,1.217,9889144
2017/5/16,'000636,????,8.49,8.49,8.14,8.24,8.27,8.315,1.3378,10870474
2017/5/15,'000636,????,8.27,8.33,8.14,8.28,8.27,8.235,0.8494,6901732
2017/5/12,'000636,????,8.27,8.33,8.16,8.3,8.34,8.245,0.6498,5279787
2017/5/11,'000636,????,8.34,8.34,8.05,8.27,8.38,8.195,1.3315,10818894
2017/5/10,'000636,????,8.38,8.52,8.13,8.29,8.29,8.325,1.3536,10998782
2017/5/9,'000636,????,8.29,8.39,8.07,8.22,8.29,8.23,1.0886,8845403
2017/5/8,'000636,????,8.29,8.49,8.27,8.44,8.44,8.38,0.8802,7151865
2017/5/5,'000636,????,8.44,8.7,8.41,8.66,8.71,8.555,1.3049,10603390
2017/5/4,'000636,????,8.71,8.77,8.51,8.53,8.57,8.64,1.3076,10624676
2017/5/3,'000636,????,8.57,8.79,8.49,8.75,8.72,8.64,1.1666,9479266
2017/5/2,'000636,????,8.72,8.76,8.6,8.65,8.67,8.68,0.8799,7149403
2017/4/28,'000636,????,8.67,8.72,8.51,8.56,8.56,8.615,1.0272,8346458
2017/4/27,'000636,????,8.56,8.61,8.26,8.54,8.55,8.435,1.4297,11617092
2017/4/26,'000636,????,8.55,8.65,8.44,8.54,8.45,8.545,1.2609,10245565
2017/4/25,'000636,????,8.45,8.66,8.36,8.36,8.33,8.51,1.274,10351991
2017/4/24,'000636,????,8.33,9.14,8.26,9.07,9.03,8.7,1.9271,15658642
2017/4/21,'000636,????,9.03,9.07,8.88,8.93,8.93,8.975,1.0151,8248137
2017/4/20,'000636,????,8.93,8.95,8.68,8.86,8.93,8.815,1.1817,9601687
2017/4/19,'000636,????,8.93,9.5,8.61,9.47,9.47,9.055,3.7076,30126033
2017/4/18,'000636,????,9.47,9.79,9.47,9.78,9.69,9.63,1.1194,9095802
2017/4/17,'000636,????,9.69,10.03,9.66,9.98,9.98,9.845,1.5004,12191442
2017/4/14,'000636,????,9.98,10.28,9.93,10.2,10.28,10.105,1.6962,13782874
2017/4/13,'000636,????,10.28,10.49,10.2,10.49,10.49,10.345,1.7947,14582746
2017/4/12,'000636,????,10.49,10.64,10.41,10.45,10.46,10.525,1.7929,14568624
2017/4/11,'000636,????,10.46,10.51,10.25,10.3,10.54,10.38,1.3834,11240487
2017/4/10,'000636,????,10.54,10.6,10.41,10.5,10.52,10.505,1.5334,12459470
2017/4/7,'000636,????,10.52,10.6,10.29,10.32,10.28,10.445,1.7105,13898374
2017/4/6,'000636,????,10.28,10.45,10.27,10.35,10.38,10.36,1.0797,8772927
2017/4/5,'000636,????,10.38,10.44,10.19,10.22,10.23,10.315,0.8898,7230237
2017/3/31,'000636,????,10.23,10.3,10.12,10.23,10.19,10.21,1.0034,8153534
2017/3/30,'000636,????,10.19,10.47,10.01,10.43,10.48,10.24,2.3764,19309236
2017/3/29,'000636,????,10.48,10.69,10.48,10.64,10.63,10.585,1.7488,14209929
2017/3/28,'000636,????,10.63,10.79,10.63,10.68,10.73,10.71,1.2614,10249608
2017/3/27,'000636,????,10.73,11.07,10.7,11.07,11.07,10.885,2.3333,18959461
2017/3/24,'000636,????,11.07,11.12,10.93,11.01,11.08,11.025,1.86,15113287
2017/3/23,'000636,????,11.08,11.08,10.73,10.82,10.88,10.905,3.184,25871871
2017/3/22,'000636,????,10.88,10.93,10.64,10.91,10.93,10.785,2.0347,16532908
2017/3/21,'000636,????,10.93,11.02,10.86,10.95,11.06,10.94,1.9657,15972156
2017/3/20,'000636,????,11.06,11.09,10.87,10.97,10.98,10.98,2.5642,20835267
2017/3/17,'000636,????,10.98,11.25,10.75,10.8,10.78,11,5.6541,45942323
2017/3/16,'000636,????,10.78,10.85,10.56,10.6,10.54,10.705,2.2482,18267940
2017/3/15,'000636,????,10.54,10.71,10.51,10.69,10.8,10.61,2.0041,16284534
2017/3/14,'000636,????,10.8,10.9,10.58,10.78,10.72,10.74,3.2341,26278723
2017/3/13,'000636,????,10.72,10.78,10.43,10.56,10.51,10.605,1.8937,15387455
2017/3/10,'000636,????,10.51,10.58,10.45,10.53,10.54,10.515,0.9354,7600699
2017/3/9,'000636,????,10.54,10.6,10.32,10.48,10.48,10.46,1.7998,14624455
2017/3/8,'000636,????,10.48,10.79,10.44,10.78,10.78,10.615,2.6969,21913393
2017/3/7,'000636,????,10.78,11.04,10.71,11,11,10.875,1.8719,15210162
2017/3/6,'000636,????,11,11.02,10.76,10.79,10.84,10.89,1.6512,13416792
2017/3/3,'000636,????,10.84,10.94,10.72,10.86,10.94,10.83,1.6081,13066864
2017/3/2,'000636,????,10.94,11.08,10.82,10.83,10.86,10.95,2.0853,16943933
2017/3/1,'000636,????,10.86,11.04,10.73,10.77,10.77,10.885,2.2446,18238568
2017/2/28,'000636,????,10.77,10.89,10.67,10.85,10.85,10.78,2.336,18981654
2017/2/27,'000636,????,10.85,11.16,10.83,11.09,11.08,10.995,2.2698,18443190
2017/2/24,'000636,????,11.08,11.36,10.95,11.29,11.32,11.155,3.5348,28721947
2017/2/23,'000636,????,11.32,11.59,11.21,11.5,11.5,11.4,2.8942,23516846
2017/2/22,'000636,????,11.5,11.53,11.17,11.25,11.35,11.35,3.9478,32078125
2017/2/21,'000636,????,11.35,11.42,11.15,11.36,11.45,11.285,3.9884,32408064
2017/2/20,'000636,????,11.45,11.8,10.84,10.84,10.89,11.32,6.8141,55368252
2017/2/17,'000636,????,10.89,11.37,10.54,10.6,10.69,10.955,4.2303,34373375
2017/2/16,'000636,????,10.69,10.72,10.45,10.57,10.63,10.585,2.1758,17679775
2017/2/15,'000636,????,10.63,11.07,10.6,10.9,10.96,10.835,3.8949,31647815
2017/2/14,'000636,????,10.96,10.97,10.52,10.65,10.65,10.745,3.2777,26633316
2017/2/13,'000636,????,10.65,10.77,10.52,10.66,10.72,10.645,2.2385,18188743
2017/2/10,'000636,????,10.72,11.02,10.63,11.02,10.99,10.825,2.724,22133718
2017/2/9,'000636,????,10.99,11.04,10.73,10.79,10.83,10.885,3.1953,25963284
2017/2/8,'000636,????,10.83,10.83,10.55,10.76,10.84,10.69,2.1667,17605566
2017/2/7,'000636,????,10.84,10.91,10.53,10.58,10.59,10.72,3.1434,25542192
2017/2/6,'000636,????,10.59,10.59,10.36,10.44,10.45,10.475,1.6736,13598606
2017/2/3,'000636,????,10.45,10.67,10.33,10.6,10.63,10.5,1.0319,8385077
2017/1/26,'000636,????,10.63,10.86,10.52,10.55,10.54,10.69,1.799,14617803
2017/1/25,'000636,????,10.54,10.66,10.38,10.55,10.55,10.52,1.1658,9473052
2017/1/24,'000636,????,10.55,10.78,10.48,10.59,10.68,10.63,1.1493,9338787
2017/1/23,'000636,????,10.68,10.88,10.43,10.53,10.54,10.655,2.0013,16261858
2017/1/20,'000636,????,10.54,10.78,9.81,9.81,9.83,10.295,2.2238,18069472
2017/1/19,'000636,????,9.83,9.98,9.76,9.8,9.86,9.87,0.7579,6158715
2017/1/18,'000636,????,9.86,10,9.67,9.67,9.69,9.835,1.1982,9735958
2017/1/17,'000636,????,9.69,9.87,9.28,9.31,9.4,9.575,1.2557,10203291
2017/1/16,'000636,????,9.4,10.14,9.18,10.1,10.2,9.66,1.98,16088832
2017/1/13,'000636,????,10.2,10.51,10.19,10.32,10.35,10.35,1.0429,8474167
2017/1/12,'000636,????,10.35,10.51,10.2,10.35,10.3,10.355,1.2907,10487947
2017/1/11,'000636,????,10.3,10.44,10.24,10.37,10.39,10.34,0.8501,6907868
2017/1/10,'000636,????,10.39,10.64,10.33,10.51,10.55,10.485,1.2063,9801919
2017/1/9,'000636,????,10.55,10.67,10.43,10.5,10.57,10.55,1.5288,12422278
2017/1/6,'000636,????,10.57,10.63,10.33,10.42,10.45,10.48,1.5121,12286395
2017/1/5,'000636,????,10.45,10.69,10.27,10.29,10.27,10.48,1.6341,13278065
2017/1/4,'000636,????,10.27,10.36,10.14,10.21,10.26,10.25,1.166,9474725
2017/1/3,'000636,????,10.26,10.44,9.76,9.76,9.76,10.1,2.2884,18594639
2016/12/30,'000636,????,9.76,9.93,9.64,9.8,9.86,9.785,1.0713,8704770
2016/12/29,'000636,????,9.86,9.95,9.82,9.91,9.91,9.885,0.5682,4264068
2016/12/28,'000636,????,9.91,10.03,9.74,9.74,9.85,9.885,1.3343,10013606
2016/12/27,'000636,????,9.85,10.12,9.7,9.77,9.79,9.91,2.3319,17500737
2016/12/26,'000636,????,9.79,9.85,9.21,9.35,9.32,9.53,1.7325,13001900
2016/12/23,'000636,????,9.32,9.72,9.27,9.6,9.65,9.495,0.8644,6486968
2016/12/22,'000636,????,9.65,9.86,9.65,9.79,9.8,9.755,0.7326,5498111
2016/12/21,'000636,????,9.8,9.85,9.66,9.72,9.69,9.755,0.6221,4668721
2016/12/20,'000636,????,9.69,9.81,9.64,9.81,9.77,9.725,0.5865,4401657
2016/12/19,'000636,????,9.77,9.81,9.5,9.52,9.52,9.655,0.9856,7397072
2016/12/16,'000636,????,9.52,9.54,9.35,9.38,9.38,9.445,0.6777,5086311
2016/12/15,'000636,????,9.38,9.54,9.31,9.34,9.39,9.425,0.7449,5590429
2016/12/14,'000636,????,9.39,9.6,9.36,9.57,9.57,9.48,0.6755,5069282
2016/12/13,'000636,????,9.57,9.69,9.31,9.48,9.49,9.5,0.7882,5915179
2016/12/12,'000636,????,9.49,9.97,9.36,9.93,9.89,9.665,1.4474,10862775
2016/12/9,'000636,????,9.89,9.97,9.83,9.83,9.89,9.9,0.4684,3515611
2016/12/8,'000636,????,9.89,10.12,9.87,9.97,9.97,9.995,0.809,6071711
2016/12/7,'000636,????,9.97,10.01,9.78,9.8,9.8,9.895,0.9526,7148945
2016/12/6,'000636,????,9.8,9.97,9.7,9.91,9.85,9.835,1.7503,13135317
2016/12/5,'000636,????,9.85,10.35,9.85,10.2,10.3,10.1,2.0317,15247281
2016/12/2,'000636,????,10.3,10.5,10.17,10.26,10.28,10.335,1.4633,10981487
2016/12/1,'000636,????,10.28,10.38,10.16,10.17,10.16,10.27,1.0407,7810254
2016/11/30,'000636,????,10.16,10.3,10.12,10.24,10.24,10.21,1.2647,9491586
2016/11/29,'000636,????,10.24,10.39,10.23,10.35,10.34,10.31,1.1273,8460195
2016/11/28,'000636,????,10.34,10.51,10.28,10.46,10.44,10.395,1.1134,8355719
2016/11/25,'000636,????,10.44,10.48,10.18,10.38,10.42,10.33,1.4387,10797086
2016/11/24,'000636,????,10.42,10.75,10.36,10.69,10.68,10.555,2.1918,16449104
2016/11/23,'000636,????,10.68,11.02,10.63,10.94,10.97,10.825,1.951,14641694
2016/11/22,'000636,????,10.97,11.1,10.88,11.05,11.06,10.99,2.1326,16004464
2016/11/21,'000636,????,11.06,11.11,10.68,10.86,10.84,10.895,3.0394,22810465
2016/11/18,'000636,????,10.84,11.06,10.59,10.61,10.67,10.825,3.6358,27286126
2016/11/17,'000636,????,10.67,10.72,10.33,10.46,10.48,10.525,2.8836,21640969
2016/11/16,'000636,????,10.48,10.61,10.46,10.47,10.52,10.535,1.4605,10960524
2016/11/15,'000636,????,10.52,10.54,10.33,10.42,10.45,10.435,1.9963,14981770
2016/11/14,'000636,????,10.45,10.52,10.07,10.28,10.3,10.295,3.7559,28187132
2016/11/11,'000636,????,10.3,10.49,10.25,10.47,10.47,10.37,2.0617,15473040
2016/11/10,'000636,????,10.47,10.56,10.35,10.47,10.42,10.455,2.2543,16918377
2016/11/9,'000636,????,10.42,10.53,10.22,10.4,10.41,10.375,2.5098,18835307
2016/11/8,'000636,????,10.41,10.68,10.39,10.57,10.55,10.535,1.6351,12270956
2016/11/7,'000636,????,10.55,10.65,10.38,10.54,10.54,10.515,1.3152,9870653
2016/11/4,'000636,????,10.54,10.76,10.32,10.32,10.39,10.54,2.2474,16866476
2016/11/3,'000636,????,10.39,10.56,10.27,10.36,10.41,10.415,1.7279,12967902
2016/11/2,'000636,????,10.41,10.56,10.18,10.25,10.31,10.37,1.8151,13622364
2016/11/1,'000636,????,10.31,10.31,10.15,10.21,10.24,10.23,1.3407,10061785
2016/10/31,'000636,????,10.24,10.33,10.08,10.29,10.35,10.205,1.7807,13364050
2016/10/28,'000636,????,10.35,10.58,10.34,10.41,10.41,10.46,1.4741,11062644
2016/10/27,'000636,????,10.41,10.5,10.28,10.48,10.47,10.39,1.3926,10450908
2016/10/26,'000636,????,10.47,10.76,10.43,10.56,10.64,10.595,2.0827,15630547
2016/10/25,'000636,????,10.64,10.84,10.33,10.34,10.31,10.585,3.1978,23998611
2016/10/24,'000636,????,10.31,10.46,10.21,10.34,10.33,10.335,2.0648,15496157
2016/10/21,'000636,????,10.33,10.46,10.11,10.42,10.5,10.285,2.6665,20011374
2016/10/20,'000636,????,10.5,10.61,10.4,10.49,10.5,10.505,1.6772,12586794
2016/10/19,'000636,????,10.5,10.81,10.48,10.76,10.76,10.645,2.7763,20835955
2016/10/18,'000636,????,10.76,10.77,10.28,10.3,10.38,10.525,3.7044,27800820
2016/10/17,'000636,????,10.38,10.95,10.27,10.94,10.94,10.61,4.2403,31822969
2016/10/14,'000636,????,10.94,11,10.64,10.84,10.84,10.82,3.8962,29240480
2016/10/13,'000636,????,10.84,11.16,10.26,10.31,10.25,10.71,6.3829,47902169
2016/10/12,'000636,????,10.25,10.36,10.15,10.34,10.38,10.255,3.0257,22707540
2016/10/11,'000636,????,10.38,10.4,10.05,10.08,10.14,10.225,4.6352,34786508
2016/10/10,'000636,????,10.14,10.19,9.81,9.89,9.84,10,3.4835,26143163
2016/9/30,'000636,????,9.84,9.95,9.7,9.81,9.9,9.825,2.339,17553404
2016/9/29,'000636,????,9.9,10.15,9.8,9.83,9.75,9.975,6.1516,46166480
2016/9/28,'000636,????,9.75,9.77,9.5,9.5,9.54,9.635,3.1847,23900962
2016/9/27,'000636,????,9.54,9.57,9.24,9.28,9.35,9.405,1.82,13659097
2016/9/26,'000636,????,9.35,9.85,9.35,9.58,9.65,9.6,3.045,22852167
2016/9/23,'000636,????,9.65,9.68,9.45,9.55,9.58,9.565,2.2592,16954898
2016/9/22,'000636,????,9.58,9.72,9.44,9.69,9.57,9.58,2.4379,18295644
2016/9/21,'000636,????,9.57,9.63,9.46,9.58,9.6,9.545,1.9172,14388062
2016/9/20,'000636,????,9.6,9.76,9.33,9.41,9.41,9.545,4.1178,30903035
2016/9/19,'000636,????,9.41,9.44,9.1,9.13,9.15,9.27,2.3499,17635330
2016/9/14,'000636,????,9.15,9.19,9.06,9.15,9.21,9.125,1.106,8300500
2016/9/13,'000636,????,9.21,9.23,9.02,9.04,8.99,9.125,1.8067,13558810
2016/9/12,'000636,????,8.99,9.07,8.94,9.07,9.26,9.005,1.7409,13065348
2016/9/9,'000636,????,9.26,9.47,9.26,9.36,9.42,9.365,1.5064,11305138
2016/9/8,'000636,????,9.42,9.49,9.33,9.33,9.38,9.41,1.6738,12561252
2016/9/7,'000636,????,9.38,9.56,9.35,9.47,9.57,9.455,3.0648,23000609
2016/9/6,'000636,????,9.57,9.59,8.95,9.04,9.04,9.27,5.2532,39424261
2016/9/5,'000636,????,9.04,9.06,8.95,8.99,8.99,9.005,1.053,7902907
2016/9/2,'000636,????,8.99,9.13,8.88,9.12,9.11,9.005,1.6588,12448794
2016/9/1,'000636,????,9.11,9.17,9.07,9.12,9.13,9.12,1.6085,12071339
2016/8/31,'000636,????,9.13,9.14,8.98,9.08,9.08,9.06,1.34,10056159
2016/8/30,'000636,????,9.08,9.14,9.02,9.06,9.03,9.08,1.4011,10515300
2016/8/29,'000636,????,9.03,9.08,8.93,8.99,8.98,9.005,0.9813,7364194
2016/8/26,'000636,????,8.98,9.09,8.94,9.03,8.99,9.015,1.3085,9819783
2016/8/25,'000636,????,8.99,9.12,8.89,9.12,9.16,9.005,2.0702,15536761
2016/8/24,'000636,????,9.16,9.23,9.11,9.15,9.15,9.17,1.1746,8815528
2016/8/23,'000636,????,9.15,9.25,9.06,9.2,9.25,9.155,2.0622,15476397
2016/8/22,'000636,????,9.25,9.39,9.19,9.22,9.23,9.29,2.5127,18857496
2016/8/19,'000636,????,9.23,9.26,9.15,9.17,9.14,9.205,1.8225,13677459
2016/8/18,'000636,????,9.14,9.28,9.11,9.22,9.23,9.195,2.1884,16423305
2016/8/17,'000636,????,9.23,9.26,9.13,9.14,9.16,9.195,2.158,16195333
2016/8/16,'000636,????,9.16,9.28,9.11,9.14,9.12,9.195,2.723,20435324
2016/8/15,'000636,????,9.12,9.16,8.83,8.91,8.9,8.995,2.6313,19747276
2016/8/12,'000636,????,8.9,8.95,8.71,8.83,8.83,8.83,1.9275,14465693
2016/8/11,'000636,????,8.83,9.15,8.83,9.15,9.14,8.99,2.787,20916265
2016/8/10,'000636,????,9.14,9.29,9.06,9.18,9.22,9.175,2.1771,16339006
2016/8/9,'000636,????,9.22,9.27,9.1,9.13,9.13,9.185,2.4184,18149710
2016/8/8,'000636,????,9.13,9.13,8.9,9.06,9.03,9.015,1.9089,14326172
2016/8/5,'000636,????,9.03,9.31,8.95,9.26,9.25,9.13,3.0498,22888044
2016/8/4,'000636,????,9.25,9.33,9.11,9.29,9.32,9.22,2.8215,21174809
2016/8/3,'000636,????,9.32,9.39,9.04,9.1,9.15,9.215,3.7822,28384488
2016/8/2,'000636,????,9.15,9.17,8.94,9.06,9.03,9.055,1.8388,13799701
2016/8/1,'000636,????,9.03,9.29,8.9,9.24,9.32,9.095,2.9335,22015548
